ISO3,VACCINE_NAME,PRODUCT_NAME,COMPANY_NAME,AUTHORIZATION_DATE,START_DATE,END_DATE,COMMENT,DATA_SOURCE
ABW,Pfizer BioNTech - Comirnaty,Comirnaty,Pfizer BioNTech,,2021-02-17,,,REPORTING
ABW,Janssen - Ad26.COV 2.5,Ad26.COV 2.5,Janssen Pharmaceuticals,,,,,REPORTING
AFG,Janssen - Ad26.COV 2.5,Ad26.COV 2.5,Janssen Pharmaceuticals,,,,,REPORTING
AFG,Beijing CNBG - BBIBP-CorV,BBIBP-CorV,Beijing Bio-Institute Biological Products (CNBG),,,,,REPORTING
AFG,Pfizer BioNTech - Comirnaty,Comirnaty,Pfizer BioNTech,,,,,REPORTING
AFG,SII - Covishield,Covishield,Serum Institute of India,2021-02-23,2021-02-22,,,REPORTING
AGO,SII - Covishield,Covishield,Serum Institute of India,,2021-03-10,,,REPORTING
AIA,AstraZeneca - Vaxzevria,Vaxzevria,AstraZeneca,,2021-02-05,,,REPORTING
ALB,Gamaleya - Sputnik V,Sputnik V,Gamaleya Research Institute,,2021-03-24,,,REPORTING
ALB,Pfizer BioNTech - Comirnaty,Comirnaty,Pfizer BioNTech,,2021-01-13,,,REPORTING
ALB,AstraZeneca - Vaxzevria,Vaxzevria,AstraZeneca,,2021-03-10,,,REPORTING
ALB,Sinovac - CoronaVac,Coronavac,Sinovac,,2021-03-24,,,REPORTING
ALB,SII - Covishield,Covishield,Serum Institute of India,,2021-04-21,,,REPORTING
AND,Moderna - mRNA-1273,mRNA-1273,Moderna,,2021-07-14,,,REPORTING
AND,AstraZeneca - Vaxzevria,Vaxzevria,AstraZeneca,,2021-03-03,,,REPORTING
AND,Pfizer BioNTech - Comirnaty,Comirnaty,Pfizer BioNTech,,2021-01-20,,,REPORTING
ARE,Gamaleya - Sputnik V,Sputnik V,Gamaleya Research Institute,,,,,REPORTING
ARE,Beijing CNBG - BBIBP-CorV,BBIBP-CorV,Beijing Bio-Institute Biological Products (CNBG),,,,,REPORTING
ARE,AstraZeneca - Vaxzevria,Vaxzevria,AstraZeneca,,2020-12-14,,,REPORTING
ARE,Pfizer BioNTech - Comirnaty,Comirnaty,Pfizer BioNTech,,,,,REPORTING
ARE,SII - Covishield,Covishield,Serum Institute of India,,,,,REPORTING
ARG,SII - Covishield,Covishield,Serum Institute of India,,2021-02-21,,,REPORTING
ARG,Beijing CNBG - BBIBP-CorV,BBIBP-CorV,Beijing Bio-Institute Biological Products (CNBG),,2021-03-02,,,REPORTING
ARG,Gamaleya - Sputnik V,Sputnik V,Gamaleya Research Institute,,2020-12-29,,,REPORTING
ARG,AstraZeneca - Vaxzevria,Vaxzevria,AstraZeneca,,2021-03-30,,,REPORTING
ARM,AstraZeneca - Vaxzevria,Vaxzevria,AstraZeneca,,2021-06-16,,,REPORTING
ARM,Gamaleya - Sputnik V,Sputnik V,Gamaleya Research Institute,,2021-06-16,,,REPORTING
ARM,Sinovac - CoronaVac,Coronavac,Sinovac,,2021-06-16,,,REPORTING
ASM,Janssen - Ad26.COV 2.5,Ad26.COV 2.5,Janssen Pharmaceuticals,,,,,REPORTING
ASM,Moderna - mRNA-1273,mRNA-1273,Moderna,,2020-12-23,,,REPORTING
ASM,Pfizer BioNTech - Comirnaty,Comirnaty,Pfizer BioNTech,,2020-12-21,,,REPORTING
ATG,Beijing CNBG - BBIBP-CorV,BBIBP-CorV,Beijing Bio-Institute Biological Products (CNBG),,,,,REPORTING
ATG,AstraZeneca - Vaxzevria,Vaxzevria,AstraZeneca,,,,,REPORTING
ATG,SII - Covishield,Covishield,Serum Institute of India,,2021-02-19,,,REPORTING
AUS,Novavax - Covavax,Covavax,Novavax,,,,,REPORTING
AUS,AstraZeneca - Vaxzevria,Vaxzevria,AstraZeneca,2021-02-16,2021-02-21,,,REPORTING
AUS,Pfizer BioNTech - Comirnaty,Comirnaty,Pfizer BioNTech,2021-01-25,2021-02-21,,,REPORTING
AUT,Pfizer BioNTech - Comirnaty,Comirnaty,Pfizer BioNTech,,2020-12-30,,,REPORTING
AUT,AstraZeneca - Vaxzevria,Vaxzevria,AstraZeneca,,2021-02-10,,,REPORTING
AUT,Janssen - Ad26.COV 2.5,Ad26.COV 2.5,Janssen Pharmaceuticals,,2021-03-17,,,REPORTING
AUT,Moderna - mRNA-1273,mRNA-1273,Moderna,,2021-01-13,,,REPORTING
AZE,Pfizer BioNTech - Comirnaty,Comirnaty,Pfizer BioNTech,,2021-06-09,,,REPORTING
AZE,AstraZeneca - Vaxzevria,Vaxzevria,AstraZeneca,,2021-05-05,,,REPORTING
AZE,Gamaleya - Sputnik V,Sputnik V,Gamaleya Research Institute,,2021-05-19,,,REPORTING
AZE,Sinovac - CoronaVac,Coronavac,Sinovac,,2021-01-20,,,REPORTING
BEL,Janssen - Ad26.COV 2.5,Ad26.COV 2.5,Janssen Pharmaceuticals,,2021-04-28,,,REPORTING
BEL,AstraZeneca - Vaxzevria,Vaxzevria,AstraZeneca,,2021-02-10,,,REPORTING
BEL,Moderna - mRNA-1273,mRNA-1273,Moderna,,2021-01-13,,,REPORTING
BEL,Pfizer BioNTech - Comirnaty,Comirnaty,Pfizer BioNTech,,2020-12-30,,,REPORTING
BEN,Sinovac - CoronaVac,Coronavac,Sinovac,2021-02-26,2021-03-29,,,REPORTING
BEN,SII - Covishield,Covishield,Serum Institute of India,2021-02-24,2021-03-29,,,REPORTING
BES,Moderna - mRNA-1273,mRNA-1273,Moderna,,2021-02-22,,,REPORTING
BES,Pfizer BioNTech - Comirnaty,Comirnaty,Pfizer BioNTech,,,,,REPORTING
BFA,SII - Covishield,Covishield,Serum Institute of India,2021-05-21,2021-06-02,,,REPORTING
BGD,Sinovac - CoronaVac,Coronavac,Sinovac,2021-06-06,,,,REPORTING
BGD,SII - Covishield,Covishield,Serum Institute of India,2021-01-07,2021-01-27,,,REPORTING
BGD,Pfizer BioNTech - Comirnaty,Comirnaty,Pfizer BioNTech,2021-03-08,2021-06-21,,,REPORTING
BGD,AstraZeneca - Vaxzevria,Vaxzevria,AstraZeneca,2021-06-23,,,,REPORTING
BGD,Gamaleya - Sputnik V,Sputnik V,Gamaleya Research Institute,2021-04-27,,,,REPORTING
BGD,Beijing CNBG - BBIBP-CorV,BBIBP-CorV,Beijing Bio-Institute Biological Products (CNBG),2021-04-29,2021-05-25,,,REPORTING
BGD,Janssen - Ad26.COV 2.5,Ad26.COV 2.5,Janssen Pharmaceuticals,2021-06-15,,,,REPORTING
BGD,Moderna - mRNA-1273,mRNA-1273,Moderna,2021-06-27,2021-07-13,,,REPORTING
BGR,AstraZeneca - Vaxzevria,Vaxzevria,AstraZeneca,,2021-02-03,,,REPORTING
BGR,Janssen - Ad26.COV 2.5,Ad26.COV 2.5,Janssen Pharmaceuticals,,2021-05-12,,,REPORTING
BGR,Moderna - mRNA-1273,mRNA-1273,Moderna,,2021-01-13,,,REPORTING
BGR,Pfizer BioNTech - Comirnaty,Comirnaty,Pfizer BioNTech,,2020-12-30,,,REPORTING
BHR,AstraZeneca - Vaxzevria,Vaxzevria,AstraZeneca,2020-11-03,2020-11-04,,,REPORTING
BHR,Beijing CNBG - BBIBP-CorV,BBIBP-CorV,Beijing Bio-Institute Biological Products (CNBG),,,,,REPORTING
BHR,Gamaleya - Sputnik V,Sputnik V,Gamaleya Research Institute,,,,,REPORTING
BHR,Moderna - mRNA-1273,mRNA-1273,Moderna,,,,,REPORTING
BHR,Janssen - Ad26.COV 2.5,Ad26.COV 2.5,Janssen Pharmaceuticals,,,,,REPORTING
BHR,Pfizer BioNTech - Comirnaty,Comirnaty,Pfizer BioNTech,,,,,REPORTING
BHR,SII - Covishield,Covishield,Serum Institute of India,,2020-12-25,,,REPORTING
BHS,SII - Covishield,Covishield,Serum Institute of India,,2021-03-14,,,REPORTING
BHS,AstraZeneca - Vaxzevria,Vaxzevria,AstraZeneca,,,,,REPORTING
BIH,AstraZeneca - AZD1222,AZD1222,AstraZeneca,,,,,OWID
BIH,Pfizer BioNTech - Comirnaty,Comirnaty,Pfizer BioNTech,,,,,OWID
BIH,Sinovac - CoronaVac,Coronavac,Sinovac,,,,,OWID
BIH,Gamaleya - Sputnik V,Sputnik V,Gamaleya Research Institute,,,,,OWID
BLR,Gamaleya - Sputnik V,Sputnik V,Gamaleya Research Institute,,2021-02-03,,,REPORTING
BLR,Beijing CNBG - BBIBP-CorV,BBIBP-CorV,Beijing Bio-Institute Biological Products (CNBG),,2021-03-24,,,REPORTING
BLZ,Beijing CNBG - BBIBP-CorV,BBIBP-CorV,Beijing Bio-Institute Biological Products (CNBG),,2021-05-18,,,REPORTING
BLZ,AstraZeneca - Vaxzevria,Vaxzevria,AstraZeneca,,2021-04-07,,,REPORTING
BLZ,SII - Covishield,Covishield,Serum Institute of India,,2021-03-01,,,REPORTING
BMU,AstraZeneca - Vaxzevria,Vaxzevria,AstraZeneca,,,,,REPORTING
BMU,Pfizer BioNTech - Comirnaty,Comirnaty,Pfizer BioNTech,,2021-01-11,,,REPORTING
BOL,Janssen - Ad26.COV 2.5,Ad26.COV 2.5,Janssen Pharmaceuticals,,,,,REPORTING
BOL,Gamaleya - Sputnik V,Sputnik V,Gamaleya Research Institute,,2021-01-30,,,REPORTING
BOL,Beijing CNBG - BBIBP-CorV,BBIBP-CorV,Beijing Bio-Institute Biological Products (CNBG),,,,,REPORTING
BOL,Pfizer BioNTech - Comirnaty,Comirnaty,Pfizer BioNTech,,2021-04-30,,,REPORTING
BOL,SII - Covishield,Covishield,Serum Institute of India,,,,,REPORTING
BRA,SII - Covishield,Covishield,Serum Institute of India,,2021-01-17,,,REPORTING
BRA,Pfizer BioNTech - Comirnaty,Comirnaty,Pfizer BioNTech,,2021-05-03,,,REPORTING
BRA,AstraZeneca - Vaxzevria,Vaxzevria,AstraZeneca,,,,,REPORTING
BRA,Janssen - Ad26.COV 2.5,Ad26.COV 2.5,Janssen Pharmaceuticals,,,,,REPORTING
BRA,Sinovac - CoronaVac,Coronavac,Sinovac,,2021-01-17,,,REPORTING
BRB,AstraZeneca - Vaxzevria,Vaxzevria,AstraZeneca,,,,,REPORTING
BRB,Beijing CNBG - BBIBP-CorV,BBIBP-CorV,Beijing Bio-Institute Biological Products (CNBG),,2021-06-30,,,REPORTING
BRB,SII - Covishield,Covishield,Serum Institute of India,,2021-02-10,,,REPORTING
BRN,Beijing CNBG - BBIBP-CorV,BBIBP-CorV,Beijing Bio-Institute Biological Products (CNBG),2021-02-03,2021-04-03,,,REPORTING
BRN,Pfizer BioNTech - Comirnaty,Comirnaty,Pfizer BioNTech,,,,,REPORTING
BRN,Janssen - Ad26.COV 2.5,Ad26.COV 2.5,Janssen Pharmaceuticals,,,,,REPORTING
BRN,Moderna - mRNA-1273,mRNA-1273,Moderna,2021-04-09,2021-06-21,,,REPORTING
BRN,AstraZeneca - Vaxzevria,Vaxzevria,AstraZeneca,2021-02-22,2021-04-03,,,REPORTING
BTN,Moderna - mRNA-1273,mRNA-1273,Moderna,2021-06-22,2021-07-20,,,REPORTING
BTN,Pfizer BioNTech - Comirnaty,Comirnaty,Pfizer BioNTech,2021-03-08,2021-07-20,,,REPORTING
BTN,AstraZeneca - Vaxzevria,Vaxzevria,AstraZeneca,2021-06-17,,,,REPORTING
BTN,SII - Covishield,Covishield,Serum Institute of India,2021-01-21,2021-03-27,,,REPORTING
BWA,SII - Covishield,Covishield,Serum Institute of India,,2021-03-26,,,REPORTING
BWA,Sinovac - CoronaVac,Coronavac,Sinovac,2021-04-08,2021-03-26,,,REPORTING
BWA,Pfizer BioNTech - Comirnaty,Comirnaty,Pfizer BioNTech,2021-02-25,2021-03-26,,,REPORTING
BWA,Moderna - mRNA-1273,mRNA-1273,Moderna,2021-04-14,2021-03-26,,,REPORTING
CAF,Bharat - Covaxin,Covaxin,Bharat Biotech,2021-02-26,2021-03-19,,,REPORTING
CAF,SII - Covishield,Covishield,Serum Institute of India,2021-02-26,2021-03-19,,,REPORTING
CAN,SII - Covishield,Covishield,Serum Institute of India,,,,,REPORTING
CAN,Moderna - mRNA-1273,mRNA-1273,Moderna,,,,,REPORTING
CAN,Pfizer BioNTech - Comirnaty,Comirnaty,Pfizer BioNTech,,2020-12-14,,,REPORTING
CHE,Pfizer BioNTech - Comirnaty,Comirnaty,Pfizer BioNTech,,2020-12-23,,,REPORTING
CHE,Moderna - mRNA-1273,mRNA-1273,Moderna,,2020-12-23,,,REPORTING
CHL,Sinovac - CoronaVac,Coronavac,Sinovac,,2021-02-03,,,REPORTING
CHL,Pfizer BioNTech - Comirnaty,Comirnaty,Pfizer BioNTech,,2020-12-21,,,REPORTING
CHL,CanSino - Ad5-nCOV,Ad5-nCOV,CanSino Biologicals,,,,,REPORTING
CHL,AstraZeneca - Vaxzevria,Vaxzevria,AstraZeneca,,2021-04-28,,,REPORTING
CHN,CanSino - Ad5-nCOV,Ad5-nCOV,CanSino Biologicals,2021-02-25,,,,REPORTING
CHN,Wuhan CNBG - Inactivated,Inactivated SARS-CoV-2 vaccine,Wuhan Institute of Biological Products (CNBG),2020-07-22,,,,REPORTING
CHN,Pfizer BioNTech - Comirnaty,Comirnaty,Pfizer BioNTech,2021-01-25,2021-03-06,,,REPORTING
CHN,Beijing CNBG - BBIBP-CorV,BBIBP-CorV,Beijing Bio-Institute Biological Products (CNBG),2020-07-22,,,,REPORTING
CHN,Anhui ZL - Recombinant,Recombinant SARS-CoV-2 vaccine,Anhui Zhifei Longcom Biopharmaceutical,2021-03-17,,,,REPORTING
CHN,Sinovac - CoronaVac,Coronavac,Sinovac,2020-07-22,,,,REPORTING
CIV,SII - Covishield,Covishield,Serum Institute of India,2021-02-13,2021-03-01,,,REPORTING
CIV,Gamaleya - Sputnik V,Sputnik V,Gamaleya Research Institute,,2021-03-01,,,REPORTING
CIV,Beijing CNBG - BBIBP-CorV,BBIBP-CorV,Beijing Bio-Institute Biological Products (CNBG),2021-02-13,,,,REPORTING
CMR,Beijing CNBG - BBIBP-CorV,BBIBP-CorV,Beijing Bio-Institute Biological Products (CNBG),2021-04-01,2021-04-12,,,REPORTING
CMR,SII - Covishield,Covishield,Serum Institute of India,2021-03-04,2021-04-12,,,REPORTING
COD,SII - Covishield,Covishield,Serum Institute of India,2021-02-26,2021-04-19,,,REPORTING
COG,SII - Covishield,Covishield,Serum Institute of India,2021-03-03,2021-03-23,,,REPORTING
COG,Gamaleya - Sputnik V,Sputnik V,Gamaleya Research Institute,2021-03-03,2021-03-23,,,REPORTING
COG,Beijing CNBG - BBIBP-CorV,BBIBP-CorV,Beijing Bio-Institute Biological Products (CNBG),2021-03-03,2021-03-23,,,REPORTING
COG,Moderna - mRNA-1273,mRNA-1273,Moderna,2021-03-03,2021-03-23,,,REPORTING
COK,Pfizer BioNTech - Comirnaty,Comirnaty,Pfizer BioNTech,2021-02-03,2021-05-17,,,REPORTING
COL,AstraZeneca - Vaxzevria,Vaxzevria,AstraZeneca,,2021-03-29,,,REPORTING
COL,Sinovac - CoronaVac,Coronavac,Sinovac,,2021-02-22,,,REPORTING
COL,Janssen - Ad26.COV 2.5,Ad26.COV 2.5,Janssen Pharmaceuticals,,2021-06-26,,,REPORTING
COL,Pfizer BioNTech - Comirnaty,Comirnaty,Pfizer BioNTech,,2021-02-17,,,REPORTING
COM,Bharat - Covaxin,Covaxin,Bharat Biotech,2021-02-01,2021-04-10,,,REPORTING
COM,Beijing CNBG - BBIBP-CorV,BBIBP-CorV,Beijing Bio-Institute Biological Products (CNBG),2021-02-01,2021-04-10,,,REPORTING
COM,SII - Covishield,Covishield,Serum Institute of India,,2021-04-10,,,REPORTING
CPV,SII - Covishield,Covishield,Serum Institute of India,2021-02-25,2021-03-18,,,REPORTING
CPV,Pfizer BioNTech - Comirnaty,Comirnaty,Pfizer BioNTech,2021-02-19,2021-03-18,,,REPORTING
CRI,AstraZeneca - Vaxzevria,Vaxzevria,AstraZeneca,,2021-04-19,,,REPORTING
CRI,Pfizer BioNTech - Comirnaty,Comirnaty,Pfizer BioNTech,,2020-12-24,,,REPORTING
CUB,Abdala,,,,,,,OWID
CUB,Soberana02,,,,,,,OWID
CUW,AstraZeneca - Vaxzevria,Vaxzevria,AstraZeneca,,,,,REPORTING
CUW,Pfizer BioNTech - Comirnaty,Comirnaty,Pfizer BioNTech,,2021-02-24,,,REPORTING
CUW,Moderna - mRNA-1273,mRNA-1273,Moderna,,,,,REPORTING
CYM,Pfizer BioNTech - Comirnaty,Comirnaty,Pfizer BioNTech,,2021-01-15,,,REPORTING
CYP,Pfizer BioNTech - Comirnaty,Comirnaty,Pfizer BioNTech,,2020-12-23,,,REPORTING
CYP,AstraZeneca - Vaxzevria,Vaxzevria,AstraZeneca,,2021-02-10,,,REPORTING
CYP,Moderna - mRNA-1273,mRNA-1273,Moderna,,2021-01-20,,,REPORTING
CYP,Janssen - Ad26.COV 2.5,Ad26.COV 2.5,Janssen Pharmaceuticals,,2021-04-28,,,REPORTING
CZE,Janssen - Ad26.COV 2.5,Ad26.COV 2.5,Janssen Pharmaceuticals,,2021-03-03,,,REPORTING
CZE,Moderna - mRNA-1273,mRNA-1273,Moderna,,2021-01-13,,,REPORTING
CZE,AstraZeneca - Vaxzevria,Vaxzevria,AstraZeneca,,2021-02-10,,,REPORTING
CZE,Pfizer BioNTech - Comirnaty,Comirnaty,Pfizer BioNTech,,2020-12-23,,,REPORTING
DEU,Pfizer BioNTech - Comirnaty,Comirnaty,Pfizer BioNTech,,2020-12-23,,,REPORTING
DEU,AstraZeneca - Vaxzevria,Vaxzevria,AstraZeneca,,2021-02-10,,,REPORTING
DEU,Moderna - mRNA-1273,mRNA-1273,Moderna,,2021-01-13,,,REPORTING
DEU,Janssen - Ad26.COV 2.5,Ad26.COV 2.5,Janssen Pharmaceuticals,,2021-04-21,,,REPORTING
DJI,Janssen - Ad26.COV 2.5,Ad26.COV 2.5,Janssen Pharmaceuticals,,,,,REPORTING
DJI,Gamaleya - Sputnik V,Sputnik V,Gamaleya Research Institute,,,,,REPORTING
DJI,Beijing CNBG - BBIBP-CorV,BBIBP-CorV,Beijing Bio-Institute Biological Products (CNBG),,,,,REPORTING
DJI,SII - Covishield,Covishield,Serum Institute of India,2021-02-22,2021-03-15,,,REPORTING
DJI,Sinovac - CoronaVac,Coronavac,Sinovac,,,,,REPORTING
DMA,SII - Covishield,Covishield,Serum Institute of India,,2021-02-12,,,REPORTING
DMA,AstraZeneca - Vaxzevria,Vaxzevria,AstraZeneca,,2021-04-07,,,REPORTING
DMA,Beijing CNBG - BBIBP-CorV,BBIBP-CorV,Beijing Bio-Institute Biological Products (CNBG),,2021-03-11,,,REPORTING
DNK,Janssen - Ad26.COV 2.5,Ad26.COV 2.5,Janssen Pharmaceuticals,,2021-05-19,,,REPORTING
DNK,Moderna - mRNA-1273,mRNA-1273,Moderna,,2021-01-13,,,REPORTING
DNK,AstraZeneca - Vaxzevria,Vaxzevria,AstraZeneca,,2021-02-10,,,REPORTING
DNK,Pfizer BioNTech - Comirnaty,Comirnaty,Pfizer BioNTech,,2020-12-30,,,REPORTING
DOM,AstraZeneca - Vaxzevria,Vaxzevria,AstraZeneca,,,,,REPORTING
DOM,Sinovac - CoronaVac,Coronavac,Sinovac,,2021-02-24,,,REPORTING
DOM,SII - Covishield,Covishield,Serum Institute of India,,2021-02-16,,,REPORTING
DZA,SII - Covishield,Covishield,Serum Institute of India,,2021-01-30,,,REPORTING
DZA,Beijing CNBG - BBIBP-CorV,BBIBP-CorV,Beijing Bio-Institute Biological Products (CNBG),,2021-01-30,,,REPORTING
DZA,Gamaleya - Sputnik V,Sputnik V,Gamaleya Research Institute,2021-01-10,2021-01-30,,,REPORTING
ECU,AstraZeneca - Vaxzevria,Vaxzevria,AstraZeneca,,,,,REPORTING
ECU,Pfizer BioNTech - Comirnaty,Comirnaty,Pfizer BioNTech,,2021-01-21,,,REPORTING
ECU,Sinovac - CoronaVac,Coronavac,Sinovac,,,,,REPORTING
EGY,Sinovac - CoronaVac,Coronavac,Sinovac,,,,,REPORTING
EGY,Gamaleya - Sputnik V,Sputnik V,Gamaleya Research Institute,,,,,REPORTING
EGY,Beijing CNBG - BBIBP-CorV,BBIBP-CorV,Beijing Bio-Institute Biological Products (CNBG),,,,,REPORTING
EGY,AstraZeneca - Vaxzevria,Vaxzevria,AstraZeneca,2020-12-30,2021-01-24,,,REPORTING
ESP,AstraZeneca - Vaxzevria,Vaxzevria,AstraZeneca,,2021-02-10,,,REPORTING
ESP,Pfizer BioNTech - Comirnaty,Comirnaty,Pfizer BioNTech,,2020-12-30,,,REPORTING
ESP,Moderna - mRNA-1273,mRNA-1273,Moderna,,2021-01-13,,,REPORTING
ESP,Janssen - Ad26.COV 2.5,Ad26.COV 2.5,Janssen Pharmaceuticals,,2021-04-21,,,REPORTING
EST,Janssen - Ad26.COV 2.5,Ad26.COV 2.5,Janssen Pharmaceuticals,,2021-04-28,,,REPORTING
EST,Pfizer BioNTech - Comirnaty,Comirnaty,Pfizer BioNTech,,2020-12-23,,,REPORTING
EST,AstraZeneca - Vaxzevria,Vaxzevria,AstraZeneca,,2021-02-17,,,REPORTING
EST,Moderna - mRNA-1273,mRNA-1273,Moderna,,2021-01-20,,,REPORTING
ETH,Bharat - Covaxin,Covaxin,Bharat Biotech,2021-03-03,2021-03-13,,,REPORTING
ETH,Beijing CNBG - BBIBP-CorV,BBIBP-CorV,Beijing Bio-Institute Biological Products (CNBG),2021-03-05,2021-03-13,,,REPORTING
ETH,SII - Covishield,Covishield,Serum Institute of India,2021-03-03,2021-03-13,,,REPORTING
FIN,Moderna - mRNA-1273,mRNA-1273,Moderna,,2020-12-23,,,REPORTING
FIN,Janssen - Ad26.COV 2.5,Ad26.COV 2.5,Janssen Pharmaceuticals,,2020-12-23,,,REPORTING
FIN,AstraZeneca - Vaxzevria,Vaxzevria,AstraZeneca,,2020-12-30,,,REPORTING
FIN,Pfizer BioNTech - Comirnaty,Comirnaty,Pfizer BioNTech,,2020-12-23,,,REPORTING
FJI,AstraZeneca - Vaxzevria,Vaxzevria,AstraZeneca,2021-02-22,2021-03-07,,,REPORTING
FJI,Moderna - mRNA-1273,mRNA-1273,Moderna,,,,,REPORTING
FJI,SII - Covishield,Covishield,Serum Institute of India,,2021-04-06,,,REPORTING
FLK,AstraZeneca - AZD1222,AZD1222,AstraZeneca,,,,,OWID
FRA,Pfizer BioNTech - Comirnaty,Comirnaty,Pfizer BioNTech,,2020-12-30,,,REPORTING
FRA,AstraZeneca - Vaxzevria,Vaxzevria,AstraZeneca,,2021-02-03,,,REPORTING
FRA,Moderna - mRNA-1273,mRNA-1273,Moderna,,2021-01-13,,,REPORTING
FRA,Janssen - Ad26.COV 2.5,Ad26.COV 2.5,Janssen Pharmaceuticals,,2021-01-13,,,REPORTING
FRO,Moderna - mRNA-1273,mRNA-1273,Moderna,,,,,OWID
FRO,Pfizer BioNTech - Comirnaty,Comirnaty,Pfizer BioNTech,,,,,OWID
FSM,Pfizer BioNTech - Comirnaty,Comirnaty,Pfizer BioNTech,,2021-01-13,,,REPORTING
FSM,Moderna - mRNA-1273,mRNA-1273,Moderna,2020-12-18,2021-01-13,,,REPORTING
FSM,Janssen - Ad26.COV 2.5,Ad26.COV 2.5,Janssen Pharmaceuticals,2021-02-27,,,,REPORTING
FSM,AstraZeneca - Vaxzevria,Vaxzevria,AstraZeneca,,,,,REPORTING
GAB,Beijing CNBG - BBIBP-CorV,BBIBP-CorV,Beijing Bio-Institute Biological Products (CNBG),,2021-03-23,,,REPORTING
GBR,Pfizer BioNTech - Comirnaty,Comirnaty,Pfizer BioNTech,,2020-12-21,,,REPORTING
GBR,AstraZeneca - Vaxzevria,Vaxzevria,AstraZeneca,,2021-02-08,,,REPORTING
GBR,Moderna - mRNA-1273,mRNA-1273,Moderna,,2021-01-11,,,REPORTING
GEO,AstraZeneca - Vaxzevria,Vaxzevria,AstraZeneca,,2021-03-17,,,REPORTING
GEO,Pfizer BioNTech - Comirnaty,Comirnaty,Pfizer BioNTech,,2021-03-31,,,REPORTING
GEO,Beijing CNBG - BBIBP-CorV,BBIBP-CorV,Beijing Bio-Institute Biological Products (CNBG),,2021-05-05,,,REPORTING
GEO,Sinovac - CoronaVac,Coronavac,Sinovac,,2021-05-26,,,REPORTING
GGY,Moderna - mRNA-1273,mRNA-1273,Moderna,,,,,OWID
GGY,AstraZeneca - AZD1222,AZD1222,AstraZeneca,,,,,OWID
GGY,Pfizer BioNTech - Comirnaty,Comirnaty,Pfizer BioNTech,,,,,OWID
GHA,Gamaleya - Sputnik V,Sputnik V,Gamaleya Research Institute,2021-02-09,2021-03-02,,,REPORTING
GHA,SII - Covishield,Covishield,Serum Institute of India,2021-02-12,2021-03-02,,,REPORTING
GIB,Pfizer BioNTech - Comirnaty,Comirnaty,Pfizer BioNTech,,,,,OWID
GIN,Gamaleya - Sputnik V,Sputnik V,Gamaleya Research Institute,2021-01-27,2021-03-05,,,REPORTING
GIN,Pfizer BioNTech - Comirnaty,Comirnaty,Pfizer BioNTech,2021-01-27,2021-03-05,,,REPORTING
GIN,Beijing CNBG - BBIBP-CorV,BBIBP-CorV,Beijing Bio-Institute Biological Products (CNBG),2021-02-12,2021-03-05,,,REPORTING
GIN,Janssen - Ad26.COV 2.5,Ad26.COV 2.5,Janssen Pharmaceuticals,2021-03-22,2021-03-05,,,REPORTING
GIN,SII - Covishield,Covishield,Serum Institute of India,2021-02-18,2021-03-05,,,REPORTING
GIN,Sinovac - CoronaVac,Coronavac,Sinovac,2021-04-01,2021-03-05,,,REPORTING
GLP,Moderna - mRNA-1273,mRNA-1273,Moderna,,,,,REPORTING
GLP,AstraZeneca - Vaxzevria,Vaxzevria,AstraZeneca,,,,,REPORTING
GLP,Pfizer BioNTech - Comirnaty,Comirnaty,Pfizer BioNTech,,2021-01-08,,,REPORTING
GMB,Beijing CNBG - BBIBP-CorV,BBIBP-CorV,Beijing Bio-Institute Biological Products (CNBG),,2021-03-10,,,REPORTING
GMB,SII - Covishield,Covishield,Serum Institute of India,2021-02-12,2021-03-10,,,REPORTING
GNB,SII - Covishield,Covishield,Serum Institute of India,,2021-04-02,,,REPORTING
GNB,Beijing CNBG - BBIBP-CorV,BBIBP-CorV,Beijing Bio-Institute Biological Products (CNBG),,2021-04-02,,,REPORTING
GNQ,Beijing CNBG - BBIBP-CorV,BBIBP-CorV,Beijing Bio-Institute Biological Products (CNBG),,2021-02-12,,,REPORTING
GNQ,Sinovac - CoronaVac,Coronavac,Sinovac,,2021-02-12,,,REPORTING
GRC,Moderna - mRNA-1273,mRNA-1273,Moderna,,2021-02-10,,,REPORTING
GRC,Janssen - Ad26.COV 2.5,Ad26.COV 2.5,Janssen Pharmaceuticals,,2021-05-05,,,REPORTING
GRC,Pfizer BioNTech - Comirnaty,Comirnaty,Pfizer BioNTech,,2020-12-23,,,REPORTING
GRC,AstraZeneca - Vaxzevria,Vaxzevria,AstraZeneca,,2021-02-10,,,REPORTING
GRD,AstraZeneca - Vaxzevria,Vaxzevria,AstraZeneca,,2021-02-15,,,REPORTING
GRD,SII - Covishield,Covishield,Serum Institute of India,,2021-02-15,,,REPORTING
GRL,Moderna - mRNA-1273,mRNA-1273,Moderna,,,,,OWID
GTM,Gamaleya - Sputnik V,Sputnik V,Gamaleya Research Institute,,2021-05-17,,,REPORTING
GTM,AstraZeneca - Vaxzevria,Vaxzevria,AstraZeneca,,2021-03-15,,,REPORTING
GTM,Moderna - mRNA-1273,mRNA-1273,Moderna,,2021-02-25,,,REPORTING
GTM,SII - Covishield,Covishield,Serum Institute of India,,2021-03-03,,,REPORTING
GUM,Janssen - Ad26.COV 2.5,Ad26.COV 2.5,Janssen Pharmaceuticals,,2021-03-15,,,REPORTING
GUM,Moderna - mRNA-1273,mRNA-1273,Moderna,,2021-01-29,,,REPORTING
GUM,Pfizer BioNTech - Comirnaty,Comirnaty,Pfizer BioNTech,,2021-01-04,,,REPORTING
GUY,AstraZeneca - Vaxzevria,Vaxzevria,AstraZeneca,,,,,REPORTING
GUY,Gamaleya - Sputnik V,Sputnik V,Gamaleya Research Institute,,,,,REPORTING
GUY,Beijing CNBG - BBIBP-CorV,BBIBP-CorV,Beijing Bio-Institute Biological Products (CNBG),,,,,REPORTING
GUY,SII - Covishield,Covishield,Serum Institute of India,,2021-02-11,,,REPORTING
HND,SII - Covishield,Covishield,Serum Institute of India,,2021-05-22,,,REPORTING
HND,Gamaleya - Sputnik V,Sputnik V,Gamaleya Research Institute,,2021-04-22,,,REPORTING
HND,Pfizer BioNTech - Comirnaty,Comirnaty,Pfizer BioNTech,,,,,REPORTING
HND,AstraZeneca - Vaxzevria,Vaxzevria,AstraZeneca,,2021-03-15,,,REPORTING
HND,Janssen - Ad26.COV 2.5,Ad26.COV 2.5,Janssen Pharmaceuticals,,,,,REPORTING
HND,Moderna - mRNA-1273,mRNA-1273,Moderna,,2021-02-26,,,REPORTING
HRV,Moderna - mRNA-1273,mRNA-1273,Moderna,,2020-12-30,,,REPORTING
HRV,Janssen - Ad26.COV 2.5,Ad26.COV 2.5,Janssen Pharmaceuticals,,2021-01-06,,,REPORTING
HRV,AstraZeneca - Vaxzevria,Vaxzevria,AstraZeneca,,2021-01-13,,,REPORTING
HRV,Pfizer BioNTech - Comirnaty,Comirnaty,Pfizer BioNTech,,2020-12-23,,,REPORTING
HTI,Moderna - mRNA-1273,mRNA-1273,Moderna,,,,,REPORTING
HTI,Janssen - Ad26.COV 2.5,Ad26.COV 2.5,Janssen Pharmaceuticals,,,,,REPORTING
HUN,Janssen - Ad26.COV 2.5,Ad26.COV 2.5,Janssen Pharmaceuticals,,2021-05-05,,,REPORTING
HUN,Moderna - mRNA-1273,mRNA-1273,Moderna,,2021-01-13,,,REPORTING
HUN,AstraZeneca - Vaxzevria,Vaxzevria,AstraZeneca,,2021-02-10,,,REPORTING
HUN,Pfizer BioNTech - Comirnaty,Comirnaty,Pfizer BioNTech,,2020-12-23,,,REPORTING
HUN,Beijing CNBG - BBIBP-CorV,BBIBP-CorV,Beijing Bio-Institute Biological Products (CNBG),,2021-02-24,,,REPORTING
HUN,Gamaleya - Sputnik V,Sputnik V,Gamaleya Research Institute,,2021-02-10,,,REPORTING
HUN,Sinovac - CoronaVac,Coronavac,Sinovac,,2021-02-15,,,REPORTING
IDN,Beijing CNBG - BBIBP-CorV,BBIBP-CorV,Beijing Bio-Institute Biological Products (CNBG),2021-04-29,2021-05-18,,,REPORTING
IDN,AstraZeneca - Vaxzevria,Vaxzevria,AstraZeneca,2021-02-21,2021-03-23,,,REPORTING
IDN,Moderna - mRNA-1273,mRNA-1273,Moderna,2021-07-01,2021-07-25,,,REPORTING
IDN,Sinovac - CoronaVac,Coronavac,Sinovac,2021-01-11,2021-01-13,,,REPORTING
IMN,AstraZeneca - AZD1222,AZD1222,AstraZeneca,,,,,OWID
IMN,Pfizer BioNTech - Comirnaty,Comirnaty,Pfizer BioNTech,,,,,OWID
IND,Gamaleya - Sputnik V,Sputnik V,Gamaleya Research Institute,2021-04-12,2021-05-14,,,REPORTING
IND,Bharat - Covaxin,Covaxin,Bharat Biotech,2021-01-03,2021-01-16,,,REPORTING
IND,SII - Covishield,Covishield,Serum Institute of India,2021-01-03,2021-01-16,,,REPORTING
IRL,Moderna - mRNA-1273,mRNA-1273,Moderna,,2021-01-13,,,REPORTING
IRL,Janssen - Ad26.COV 2.5,Ad26.COV 2.5,Janssen Pharmaceuticals,,2021-05-05,,,REPORTING
IRL,AstraZeneca - Vaxzevria,Vaxzevria,AstraZeneca,,2021-02-03,,,REPORTING
IRL,Pfizer BioNTech - Comirnaty,Comirnaty,Pfizer BioNTech,,2020-12-30,,,REPORTING
IRN,AstraZeneca - Vaxzevria,Vaxzevria,AstraZeneca,2021-01-27,2021-02-09,,,REPORTING
IRN,Gamaleya - Sputnik V,Sputnik V,Gamaleya Research Institute,,,,,REPORTING
IRN,Beijing CNBG - BBIBP-CorV,BBIBP-CorV,Beijing Bio-Institute Biological Products (CNBG),,,,,REPORTING
IRN,Bharat - Covaxin,Covaxin,Bharat Biotech,,,,,REPORTING
IRQ,AstraZeneca - Vaxzevria,Vaxzevria,AstraZeneca,2020-12-29,2021-03-02,,,REPORTING
IRQ,Pfizer BioNTech - Comirnaty,Comirnaty,Pfizer BioNTech,,,,,REPORTING
IRQ,Gamaleya - Sputnik V,Sputnik V,Gamaleya Research Institute,,,,,REPORTING
IRQ,Beijing CNBG - BBIBP-CorV,BBIBP-CorV,Beijing Bio-Institute Biological Products (CNBG),,,,,REPORTING
ISL,Pfizer BioNTech - Comirnaty,Comirnaty,Pfizer BioNTech,,2020-12-30,,,REPORTING
ISL,AstraZeneca - Vaxzevria,Vaxzevria,AstraZeneca,,2021-02-10,,,REPORTING
ISL,Moderna - mRNA-1273,mRNA-1273,Moderna,,2021-01-13,,,REPORTING
ISL,Janssen - Ad26.COV 2.5,Ad26.COV 2.5,Janssen Pharmaceuticals,,2021-04-28,,,REPORTING
ISR,Moderna - mRNA-1273,mRNA-1273,Moderna,,2021-03-03,,,REPORTING
ISR,Pfizer BioNTech - Comirnaty,Comirnaty,Pfizer BioNTech,,2020-12-16,,,REPORTING
ITA,Moderna - mRNA-1273,mRNA-1273,Moderna,,2021-01-06,,,REPORTING
ITA,Janssen - Ad26.COV 2.5,Ad26.COV 2.5,Janssen Pharmaceuticals,,2021-01-06,,,REPORTING
ITA,AstraZeneca - Vaxzevria,Vaxzevria,AstraZeneca,,2021-01-13,,,REPORTING
ITA,Pfizer BioNTech - Comirnaty,Comirnaty,Pfizer BioNTech,,2020-12-23,,,REPORTING
JAM,AstraZeneca - Vaxzevria,Vaxzevria,AstraZeneca,,,,,REPORTING
JAM,SII - Covishield,Covishield,Serum Institute of India,,2021-03-10,,,REPORTING
JEY,Moderna - mRNA-1273,mRNA-1273,Moderna,,,,,OWID
JEY,AstraZeneca - AZD1222,AZD1222,AstraZeneca,,,,,OWID
JEY,Pfizer BioNTech - Comirnaty,Comirnaty,Pfizer BioNTech,,,,,OWID
JOR,Gamaleya - Sputnik V,Sputnik V,Gamaleya Research Institute,,,,,REPORTING
JOR,Beijing CNBG - BBIBP-CorV,BBIBP-CorV,Beijing Bio-Institute Biological Products (CNBG),,,,,REPORTING
JOR,Pfizer BioNTech - Comirnaty,Comirnaty,Pfizer BioNTech,,,,,REPORTING
JOR,AstraZeneca - Vaxzevria,Vaxzevria,AstraZeneca,2020-12-13,2021-01-13,,,REPORTING
JOR,Moderna - mRNA-1273,mRNA-1273,Moderna,,,,,REPORTING
JOR,Janssen - Ad26.COV 2.5,Ad26.COV 2.5,Janssen Pharmaceuticals,,,,,REPORTING
JPN,Moderna - mRNA-1273,mRNA-1273,Moderna,2021-05-21,2021-05-24,,,REPORTING
JPN,Pfizer BioNTech - Comirnaty,Comirnaty,Pfizer BioNTech,2021-02-14,2021-02-17,,,REPORTING
JPN,AstraZeneca - Vaxzevria,Vaxzevria,AstraZeneca,,,,,REPORTING
JPN,Novavax - Covavax,Covavax,Novavax,,,,,REPORTING
KAZ,Sinovac - CoronaVac,Coronavac,Sinovac,,2021-06-16,,,REPORTING
KAZ,Beijing CNBG - BBIBP-CorV,BBIBP-CorV,Beijing Bio-Institute Biological Products (CNBG),,2021-05-05,,,REPORTING
KAZ,RIBSP - QazCovid,QazCovid-in,Research Institute for Biological Safety Problems,,2021-04-28,,,REPORTING
KAZ,Gamaleya - Sputnik V,Sputnik V,Gamaleya Research Institute,,2021-03-10,,,REPORTING
KEN,SII - Covishield,Covishield,Serum Institute of India,,2021-03-05,,,REPORTING
KGZ,Gamaleya - Sputnik V,Sputnik V,Gamaleya Research Institute,,2021-04-28,,,REPORTING
KGZ,Beijing CNBG - BBIBP-CorV,BBIBP-CorV,Beijing Bio-Institute Biological Products (CNBG),,2021-04-28,,,REPORTING
KHM,Beijing CNBG - BBIBP-CorV,BBIBP-CorV,Beijing Bio-Institute Biological Products (CNBG),2021-02-04,2021-02-10,,,REPORTING
KHM,AstraZeneca - Vaxzevria,Vaxzevria,AstraZeneca,2021-07-15,,,,REPORTING
KHM,Sinovac - CoronaVac,Coronavac,Sinovac,2021-02-12,2021-04-01,,,REPORTING
KHM,SII - Covishield,Covishield,Serum Institute of India,2021-02-12,2021-03-04,,,REPORTING
KIR,AstraZeneca - Vaxzevria,Vaxzevria,AstraZeneca,,2021-05-26,,,REPORTING
KNA,AstraZeneca - Vaxzevria,Vaxzevria,AstraZeneca,,,,,REPORTING
KNA,SII - Covishield,Covishield,Serum Institute of India,,2021-02-22,,,REPORTING
KOR,Novavax - Covavax,Covavax,Novavax,,,,,REPORTING
KOR,Pfizer BioNTech - Comirnaty,Comirnaty,Pfizer BioNTech,2021-03-05,2021-02-27,,,REPORTING
KOR,Janssen - Ad26.COV 2.5,Ad26.COV 2.5,Janssen Pharmaceuticals,2021-04-07,2021-06-10,,,REPORTING
KOR,Moderna - mRNA-1273,mRNA-1273,Moderna,2021-05-21,2021-06-01,,,REPORTING
KOR,AstraZeneca - Vaxzevria,Vaxzevria,AstraZeneca,2021-02-10,2021-02-26,,,REPORTING
KWT,AstraZeneca - Vaxzevria,Vaxzevria,AstraZeneca,2020-12-13,2020-12-28,,,REPORTING
KWT,Pfizer BioNTech - Comirnaty,Comirnaty,Pfizer BioNTech,,,,,REPORTING
KWT,Moderna - mRNA-1273,mRNA-1273,Moderna,,,,,REPORTING
KWT,Janssen - Ad26.COV 2.5,Ad26.COV 2.5,Janssen Pharmaceuticals,,,,,REPORTING
KWT,Beijing CNBG - BBIBP-CorV,BBIBP-CorV,Beijing Bio-Institute Biological Products (CNBG),,,,,REPORTING
LAO,Pfizer BioNTech - Comirnaty,Comirnaty,Pfizer BioNTech,2021-05-07,2021-06-15,,,REPORTING
LAO,Beijing CNBG - BBIBP-CorV,BBIBP-CorV,Beijing Bio-Institute Biological Products (CNBG),2021-06-16,2020-11-25,,,REPORTING
LAO,Gamaleya - Sputnik V,Sputnik V,Gamaleya Research Institute,2021-02-03,2021-02-09,,,REPORTING
LAO,Janssen - Ad26.COV 2.5,Ad26.COV 2.5,Janssen Pharmaceuticals,2021-06-23,,,,REPORTING
LAO,Sinovac - CoronaVac,Coronavac,Sinovac,2021-02-06,,,,REPORTING
LAO,SII - Covishield,Covishield,Serum Institute of India,2021-02-22,2021-04-02,,,REPORTING
LBN,AstraZeneca - Vaxzevria,Vaxzevria,AstraZeneca,2020-12-16,2021-02-14,,,REPORTING
LBN,Pfizer BioNTech - Comirnaty,Comirnaty,Pfizer BioNTech,,,,,REPORTING
LBN,Gamaleya - Sputnik V,Sputnik V,Gamaleya Research Institute,,,,,REPORTING
LBN,Beijing CNBG - BBIBP-CorV,BBIBP-CorV,Beijing Bio-Institute Biological Products (CNBG),,,,,REPORTING
LBR,SII - Covishield,Covishield,Serum Institute of India,2021-03-15,2021-04-01,,,REPORTING
LBY,Sinovac - CoronaVac,Coronavac,Sinovac,,,,,REPORTING
LBY,Gamaleya - Sputnik V,Sputnik V,Gamaleya Research Institute,,,,,REPORTING
LBY,Pfizer BioNTech - Comirnaty,Comirnaty,Pfizer BioNTech,,,,,REPORTING
LBY,AstraZeneca - Vaxzevria,Vaxzevria,AstraZeneca,2021-02-24,2021-04-11,,,REPORTING
LBY,Janssen - Ad26.COV 2.5,Ad26.COV 2.5,Janssen Pharmaceuticals,,,,,REPORTING
LBY,Moderna - mRNA-1273,mRNA-1273,Moderna,,,,,REPORTING
LCA,AstraZeneca - Vaxzevria,Vaxzevria,AstraZeneca,,,,,REPORTING
LCA,SII - Covishield,Covishield,Serum Institute of India,,2021-02-17,,,REPORTING
LIE,Moderna - mRNA-1273,mRNA-1273,Moderna,,2021-02-10,,,REPORTING
LIE,Pfizer BioNTech - Comirnaty,Comirnaty,Pfizer BioNTech,,2021-02-10,,,REPORTING
LKA,Pfizer BioNTech - Comirnaty,Comirnaty,Pfizer BioNTech,2021-05-08,2021-07-07,,,REPORTING
LKA,Gamaleya - Sputnik V,Sputnik V,Gamaleya Research Institute,2021-03-04,2021-05-06,,,REPORTING
LKA,Beijing CNBG - BBIBP-CorV,BBIBP-CorV,Beijing Bio-Institute Biological Products (CNBG),2021-05-08,2021-04-05,,,REPORTING
LKA,Moderna - mRNA-1273,mRNA-1273,Moderna,2021-06-28,2021-07-18,,,REPORTING
LKA,SII - Covishield,Covishield,Serum Institute of India,2021-01-22,2021-01-29,,,REPORTING
LSO,SII - Covishield,Covishield,Serum Institute of India,2021-02-25,2021-03-10,,,REPORTING
LTU,AstraZeneca - Vaxzevria,Vaxzevria,AstraZeneca,,2021-02-10,,,REPORTING
LTU,Pfizer BioNTech - Comirnaty,Comirnaty,Pfizer BioNTech,,2020-12-23,,,REPORTING
LTU,Moderna - mRNA-1273,mRNA-1273,Moderna,,2021-01-13,,,REPORTING
LTU,Janssen - Ad26.COV 2.5,Ad26.COV 2.5,Janssen Pharmaceuticals,,2021-04-28,,,REPORTING
LUX,Janssen - Ad26.COV 2.5,Ad26.COV 2.5,Janssen Pharmaceuticals,,2021-04-14,,,REPORTING
LUX,Moderna - mRNA-1273,mRNA-1273,Moderna,,2021-01-20,,,REPORTING
LUX,AstraZeneca - Vaxzevria,Vaxzevria,AstraZeneca,,2021-02-10,,,REPORTING
LUX,Pfizer BioNTech - Comirnaty,Comirnaty,Pfizer BioNTech,,2020-12-30,,,REPORTING
LVA,Pfizer BioNTech - Comirnaty,Comirnaty,Pfizer BioNTech,,2020-12-30,,,REPORTING
LVA,AstraZeneca - Vaxzevria,Vaxzevria,AstraZeneca,,2021-01-27,,,REPORTING
LVA,Moderna - mRNA-1273,mRNA-1273,Moderna,,2021-01-13,,,REPORTING
LVA,Janssen - Ad26.COV 2.5,Ad26.COV 2.5,Janssen Pharmaceuticals,,2021-04-28,,,REPORTING
MAR,Janssen - Ad26.COV 2.5,Ad26.COV 2.5,Janssen Pharmaceuticals,,,,,REPORTING
MAR,AstraZeneca - Vaxzevria,Vaxzevria,AstraZeneca,2021-01-06,2021-01-28,,,REPORTING
MAR,Beijing CNBG - BBIBP-CorV,BBIBP-CorV,Beijing Bio-Institute Biological Products (CNBG),,,,,REPORTING
MAR,Gamaleya - Sputnik V,Sputnik V,Gamaleya Research Institute,,,,,REPORTING
MCO,Pfizer BioNTech - Comirnaty,Comirnaty,Pfizer BioNTech,,2021-06-30,,,REPORTING
MDA,Pfizer BioNTech - Comirnaty,Comirnaty,Pfizer BioNTech,,2021-03-24,,,REPORTING
MDA,Gamaleya - Sputnik V,Sputnik V,Gamaleya Research Institute,,2021-05-05,,,REPORTING
MDA,Beijing CNBG - BBIBP-CorV,BBIBP-CorV,Beijing Bio-Institute Biological Products (CNBG),,2021-03-24,,,REPORTING
MDA,AstraZeneca - Vaxzevria,Vaxzevria,AstraZeneca,,2021-03-03,,,REPORTING
MDA,Janssen - Ad26.COV 2.5,Ad26.COV 2.5,Janssen Pharmaceuticals,,2021-05-26,,,REPORTING
MDA,Sinovac - CoronaVac,Coronavac,Sinovac,,2021-05-12,,,REPORTING
MDG,SII - Covishield,Covishield,Serum Institute of India,2021-03-26,2021-05-10,,,REPORTING
MDV,Sinovac - CoronaVac,Coronavac,Sinovac,2021-03-14,,,,REPORTING
MDV,SII - Covishield,Covishield,Serum Institute of India,2021-01-29,2021-02-01,,,REPORTING
MDV,Janssen - Ad26.COV 2.5,Ad26.COV 2.5,Janssen Pharmaceuticals,2021-02-06,,,,REPORTING
MDV,Moderna - mRNA-1273,mRNA-1273,Moderna,2021-06-06,,,,REPORTING
MDV,Gamaleya - Sputnik V,Sputnik V,Gamaleya Research Institute,2021-01-30,,,,REPORTING
MDV,Pfizer BioNTech - Comirnaty,Comirnaty,Pfizer BioNTech,2021-03-14,2021-04-13,,,REPORTING
MDV,Beijing CNBG - BBIBP-CorV,BBIBP-CorV,Beijing Bio-Institute Biological Products (CNBG),2021-03-17,2021-03-22,,,REPORTING
MDV,AstraZeneca - Vaxzevria,Vaxzevria,AstraZeneca,2021-06-20,,,,REPORTING
MEX,CanSino - Ad5-nCOV,Ad5-nCOV,CanSino Biologicals,,,,,REPORTING
MEX,Gamaleya - Sputnik V,Sputnik V,Gamaleya Research Institute,,,,,REPORTING
MEX,AstraZeneca - Vaxzevria,Vaxzevria,AstraZeneca,,,,,REPORTING
MEX,Pfizer BioNTech - Comirnaty,Comirnaty,Pfizer BioNTech,,,,,REPORTING
MEX,Janssen - Ad26.COV 2.5,Ad26.COV 2.5,Janssen Pharmaceuticals,,,,,REPORTING
MEX,Sinovac - CoronaVac,Coronavac,Sinovac,,,,,REPORTING
MHL,Janssen - Ad26.COV 2.5,Ad26.COV 2.5,Janssen Pharmaceuticals,,,,,REPORTING
MHL,Moderna - mRNA-1273,mRNA-1273,Moderna,,2020-12-29,,,REPORTING
MHL,Pfizer BioNTech - Comirnaty,Comirnaty,Pfizer BioNTech,,,,,REPORTING
MKD,Wuhan CNBG - Inactivated,Inactivated SARS-CoV-2 vaccine,Wuhan Institute of Biological Products (CNBG),,2021-04-21,,,REPORTING
MKD,AstraZeneca - Vaxzevria,Vaxzevria,AstraZeneca,,2021-03-31,,,REPORTING
MKD,Gamaleya - Sputnik V,Sputnik V,Gamaleya Research Institute,,2021-03-10,,,REPORTING
MKD,Beijing CNBG - BBIBP-CorV,BBIBP-CorV,Beijing Bio-Institute Biological Products (CNBG),,2021-03-31,,,REPORTING
MKD,Pfizer BioNTech - Comirnaty,Comirnaty,Pfizer BioNTech,,2021-02-17,,,REPORTING
MKD,Sinovac - CoronaVac,Coronavac,Sinovac,,2021-06-16,,,REPORTING
MLI,SII - Covishield,Covishield,Serum Institute of India,2021-02-19,2021-03-31,,,REPORTING
MLT,Janssen - Ad26.COV 2.5,Ad26.COV 2.5,Janssen Pharmaceuticals,,2021-06-02,,,REPORTING
MLT,Moderna - mRNA-1273,mRNA-1273,Moderna,,2021-02-03,,,REPORTING
MLT,Pfizer BioNTech - Comirnaty,Comirnaty,Pfizer BioNTech,,2020-12-23,,,REPORTING
MLT,AstraZeneca - Vaxzevria,Vaxzevria,AstraZeneca,,2021-02-10,,,REPORTING
MMR,Beijing CNBG - BBIBP-CorV,BBIBP-CorV,Beijing Bio-Institute Biological Products (CNBG),2021-02-12,2021-06-01,,,REPORTING
MMR,SII - Covishield,Covishield,Serum Institute of India,2021-01-20,2021-01-27,,,REPORTING
MNE,Beijing CNBG - BBIBP-CorV,BBIBP-CorV,Beijing Bio-Institute Biological Products (CNBG),,2021-03-10,,,REPORTING
MNE,Gamaleya - Sputnik V,Sputnik V,Gamaleya Research Institute,,2021-02-24,,,REPORTING
MNE,AstraZeneca - Vaxzevria,Vaxzevria,AstraZeneca,,2021-03-31,,,REPORTING
MNE,Pfizer BioNTech - Comirnaty,Comirnaty,Pfizer BioNTech,,2021-05-05,,,REPORTING
MNG,Beijing CNBG - BBIBP-CorV,BBIBP-CorV,Beijing Bio-Institute Biological Products (CNBG),2021-02-09,2021-03-10,,,REPORTING
MNG,Gamaleya - Sputnik V,Sputnik V,Gamaleya Research Institute,2021-02-06,2021-03-19,,,REPORTING
MNG,Pfizer BioNTech - Comirnaty,Comirnaty,Pfizer BioNTech,2021-01-10,2021-03-26,,,REPORTING
MNG,AstraZeneca - Vaxzevria,Vaxzevria,AstraZeneca,2021-01-10,2021-03-19,,,REPORTING
MNG,Moderna - mRNA-1273,mRNA-1273,Moderna,2021-01-10,,,,REPORTING
MNG,SII - Covishield,Covishield,Serum Institute of India,2021-01-10,2021-02-23,,,REPORTING
MNP,Janssen - Ad26.COV 2.5,Ad26.COV 2.5,Janssen Pharmaceuticals,2021-02-27,2021-03-19,,,REPORTING
MNP,Moderna - mRNA-1273,mRNA-1273,Moderna,2020-11-18,2020-12-19,,,REPORTING
MNP,Pfizer BioNTech - Comirnaty,Comirnaty,Pfizer BioNTech,2020-12-11,2020-12-19,,,REPORTING
MOZ,Beijing CNBG - BBIBP-CorV,BBIBP-CorV,Beijing Bio-Institute Biological Products (CNBG),,2021-03-08,,,REPORTING
MOZ,SII - Covishield,Covishield,Serum Institute of India,,2021-03-08,,,REPORTING
MRT,SII - Covishield,Covishield,Serum Institute of India,,2021-03-26,,,REPORTING
MRT,Beijing CNBG - BBIBP-CorV,BBIBP-CorV,Beijing Bio-Institute Biological Products (CNBG),,2021-03-26,,,REPORTING
MSR,AstraZeneca - Vaxzevria,Vaxzevria,AstraZeneca,,2021-02-08,,,REPORTING
MTQ,Pfizer BioNTech - Comirnaty,Comirnaty,Pfizer BioNTech,,,,,REPORTING
MUS,Beijing CNBG - BBIBP-CorV,BBIBP-CorV,Beijing Bio-Institute Biological Products (CNBG),2021-03-18,,,,REPORTING
MUS,Bharat - Covaxin,Covaxin,Bharat Biotech,2021-03-18,,,,REPORTING
MUS,SII - Covishield,Covishield,Serum Institute of India,2021-01-21,2021-01-26,,,REPORTING
MWI,SII - Covishield,Covishield,Serum Institute of India,,2021-03-11,,,REPORTING
MYS,Sinovac - CoronaVac,Coronavac,Sinovac,2021-03-02,2021-03-18,,,REPORTING
MYS,Pfizer BioNTech - Comirnaty,Comirnaty,Pfizer BioNTech,2021-01-08,2021-02-24,,,REPORTING
MYS,AstraZeneca - Vaxzevria,Vaxzevria,AstraZeneca,2021-02-15,2021-05-02,,,REPORTING
MYS,Gamaleya - Sputnik V,Sputnik V,Gamaleya Research Institute,,,,,REPORTING
MYS,CanSino - Ad5-nCOV,Ad5-nCOV,CanSino Biologicals,,,,,REPORTING
NAM,Beijing CNBG - BBIBP-CorV,BBIBP-CorV,Beijing Bio-Institute Biological Products (CNBG),,2021-03-19,,,REPORTING
NAM,SII - Covishield,Covishield,Serum Institute of India,,2021-03-19,,,REPORTING
NCL,Pfizer BioNTech - Comirnaty,Comirnaty,Pfizer BioNTech,2020-12-29,2021-01-20,,,REPORTING
NER,Beijing CNBG - BBIBP-CorV,BBIBP-CorV,Beijing Bio-Institute Biological Products (CNBG),2021-02-23,2021-03-29,,,REPORTING
NER,SII - Covishield,Covishield,Serum Institute of India,2021-03-04,2021-03-29,,,REPORTING
NGA,SII - Covishield,Covishield,Serum Institute of India,2021-03-04,2021-03-05,,,REPORTING
NIC,SII - Covishield,Covishield,Serum Institute of India,,2021-04-06,,,REPORTING
NIC,Gamaleya - Sputnik V,Sputnik V,Gamaleya Research Institute,,2021-03-02,,,REPORTING
NIU,Pfizer BioNTech - Comirnaty,Comirnaty,Pfizer BioNTech,,2021-06-08,,,REPORTING
NLD,Pfizer BioNTech - Comirnaty,Comirnaty,Pfizer BioNTech,,2021-01-06,,,REPORTING
NLD,AstraZeneca - Vaxzevria,Vaxzevria,AstraZeneca,,2021-02-10,,,REPORTING
NLD,Moderna - mRNA-1273,mRNA-1273,Moderna,,2021-01-20,,,REPORTING
NLD,Janssen - Ad26.COV 2.5,Ad26.COV 2.5,Janssen Pharmaceuticals,,2021-04-21,,,REPORTING
NOR,Janssen - Ad26.COV 2.5,Ad26.COV 2.5,Janssen Pharmaceuticals,,2021-04-21,,,REPORTING
NOR,Moderna - mRNA-1273,mRNA-1273,Moderna,,2021-03-31,,,REPORTING
NOR,Pfizer BioNTech - Comirnaty,Comirnaty,Pfizer BioNTech,,2021-03-31,,,REPORTING
NOR,AstraZeneca - Vaxzevria,Vaxzevria,AstraZeneca,,2021-04-28,,,REPORTING
NPL,AstraZeneca - Vaxzevria,Vaxzevria,AstraZeneca,2021-06-30,,,,REPORTING
NPL,Beijing CNBG - BBIBP-CorV,BBIBP-CorV,Beijing Bio-Institute Biological Products (CNBG),2021-02-16,2021-04-07,,,REPORTING
NPL,Gamaleya - Sputnik V,Sputnik V,Gamaleya Research Institute,2021-04-20,,,,REPORTING
NPL,Bharat - Covaxin,Covaxin,Bharat Biotech,2021-03-19,,,,REPORTING
NPL,Janssen - Ad26.COV 2.5,Ad26.COV 2.5,Janssen Pharmaceuticals,2021-06-30,2021-07-19,,,REPORTING
NPL,SII - Covishield,Covishield,Serum Institute of India,2021-01-15,2021-01-27,,,REPORTING
NRU,SII - Covishield,Covishield,Serum Institute of India,2021-03-02,2021-06-01,,,REPORTING
NRU,AstraZeneca - Vaxzevria,Vaxzevria,AstraZeneca,2021-03-02,2021-04-09,,,REPORTING
NZL,Pfizer BioNTech - Comirnaty,Comirnaty,Pfizer BioNTech,2021-02-03,2021-02-19,,,REPORTING
NZL,Janssen - Ad26.COV 2.5,Ad26.COV 2.5,Janssen Pharmaceuticals,,,,,REPORTING
NZL,AstraZeneca - Vaxzevria,Vaxzevria,AstraZeneca,,,,,REPORTING
NZL,Novavax - Covavax,Covavax,Novavax,,,,,REPORTING
OMN,Sinovac - CoronaVac,Coronavac,Sinovac,,,,,REPORTING
OMN,SII - Covishield,Covishield,Serum Institute of India,,,,,REPORTING
OMN,Pfizer BioNTech - Comirnaty,Comirnaty,Pfizer BioNTech,,,,,REPORTING
OMN,AstraZeneca - Vaxzevria,Vaxzevria,AstraZeneca,2021-02-14,2020-12-29,,,REPORTING
OMN,Gamaleya - Sputnik V,Sputnik V,Gamaleya Research Institute,,,,,REPORTING
PAK,Gamaleya - Sputnik V,Sputnik V,Gamaleya Research Institute,,,,,REPORTING
PAK,Beijing CNBG - BBIBP-CorV,BBIBP-CorV,Beijing Bio-Institute Biological Products (CNBG),,,,,REPORTING
PAK,CanSino - Ad5-nCOV,Ad5-nCOV,CanSino Biologicals,,,,,REPORTING
PAK,Pfizer BioNTech - Comirnaty,Comirnaty,Pfizer BioNTech,,,,,REPORTING
PAK,Bharat - Covaxin,Covaxin,Bharat Biotech,,,,,REPORTING
PAK,Moderna - mRNA-1273,mRNA-1273,Moderna,,,,,REPORTING
PAK,SII - Covishield,Covishield,Serum Institute of India,2021-01-20,2021-02-03,,,REPORTING
PAK,Sinovac - CoronaVac,Coronavac,Sinovac,,,,,REPORTING
PAN,Pfizer BioNTech - Comirnaty,Comirnaty,Pfizer BioNTech,,2021-01-20,,,REPORTING
PAN,AstraZeneca - Vaxzevria,Vaxzevria,AstraZeneca,,2021-04-22,,,REPORTING
PCN,AstraZeneca - Vaxzevria,Vaxzevria,AstraZeneca,2021-05-17,2021-05-17,,,REPORTING
PER,Beijing CNBG - BBIBP-CorV,BBIBP-CorV,Beijing Bio-Institute Biological Products (CNBG),,2021-02-09,,,REPORTING
PER,AstraZeneca - Vaxzevria,Vaxzevria,AstraZeneca,,2021-04-21,,,REPORTING
PER,Wuhan CNBG - Inactivated,Inactivated SARS-CoV-2 vaccine,Wuhan Institute of Biological Products (CNBG),2001-01-26,2021-02-09,,,REPORTING
PER,Pfizer BioNTech - Comirnaty,Comirnaty,Pfizer BioNTech,,2021-03-08,,,REPORTING
PHL,Beijing CNBG - BBIBP-CorV,BBIBP-CorV,Beijing Bio-Institute Biological Products (CNBG),,,,,REPORTING
PHL,Gamaleya - Sputnik V,Sputnik V,Gamaleya Research Institute,2021-03-19,2021-05-04,,,REPORTING
PHL,Bharat - Covaxin,Covaxin,Bharat Biotech,2021-04-10,,,,REPORTING
PHL,Sinovac - CoronaVac,Coronavac,Sinovac,2021-02-22,2021-03-01,,,REPORTING
PHL,Janssen - Ad26.COV 2.5,Ad26.COV 2.5,Janssen Pharmaceuticals,2021-07-02,2021-07-19,,,REPORTING
PHL,Pfizer BioNTech - Comirnaty,Comirnaty,Pfizer BioNTech,2021-01-14,2021-05-12,,,REPORTING
PHL,AstraZeneca - Vaxzevria,Vaxzevria,AstraZeneca,2021-02-17,2021-03-07,,,REPORTING
PHL,Moderna - mRNA-1273,mRNA-1273,Moderna,2021-05-05,2021-07-01,,,REPORTING
PHL,Novavax - Covavax,Covavax,Novavax,,,,,REPORTING
PLW,Janssen - Ad26.COV 2.5,Ad26.COV 2.5,Janssen Pharmaceuticals,,,,,REPORTING
PLW,Moderna - mRNA-1273,mRNA-1273,Moderna,,2021-01-03,,,REPORTING
PNG,AstraZeneca - Vaxzevria,Vaxzevria,AstraZeneca,2021-03-18,2021-03-30,,,REPORTING
PNG,Beijing CNBG - BBIBP-CorV,BBIBP-CorV,Beijing Bio-Institute Biological Products (CNBG),2021-05-25,,,,REPORTING
PNG,SII - Covishield,Covishield,Serum Institute of India,2021-03-02,2021-05-05,,,REPORTING
POL,Pfizer BioNTech - Comirnaty,Comirnaty,Pfizer BioNTech,,2020-12-23,,,REPORTING
POL,AstraZeneca - Vaxzevria,Vaxzevria,AstraZeneca,,2021-01-06,,,REPORTING
POL,Moderna - mRNA-1273,mRNA-1273,Moderna,,2021-01-13,,,REPORTING
POL,Janssen - Ad26.COV 2.5,Ad26.COV 2.5,Janssen Pharmaceuticals,,2021-03-17,,,REPORTING
PRI,Janssen - Ad26.COV 2.5,Ad26.COV 2.5,Janssen Pharmaceuticals,,,,,REPORTING
PRI,Moderna - mRNA-1273,mRNA-1273,Moderna,,,,,REPORTING
PRI,Pfizer BioNTech - Comirnaty,Comirnaty,Pfizer BioNTech,,,,,REPORTING
PRT,Moderna - mRNA-1273,mRNA-1273,Moderna,,2020-12-30,,,REPORTING
PRT,Janssen - Ad26.COV 2.5,Ad26.COV 2.5,Janssen Pharmaceuticals,,2021-01-06,,,REPORTING
PRT,AstraZeneca - Vaxzevria,Vaxzevria,AstraZeneca,,2020-12-23,,,REPORTING
PRT,Pfizer BioNTech - Comirnaty,Comirnaty,Pfizer BioNTech,,2020-12-23,,,REPORTING
PRY,AstraZeneca - Vaxzevria,Vaxzevria,AstraZeneca,,2021-03-23,,,REPORTING
PRY,Moderna - mRNA-1273,mRNA-1273,Moderna,,2021-06-09,,,REPORTING
PRY,Bharat - Covaxin,Covaxin,Bharat Biotech,,2021-04-10,,,REPORTING
PRY,Pfizer BioNTech - Comirnaty,Comirnaty,Pfizer BioNTech,,2021-07-12,,,REPORTING
PRY,Gamaleya - Sputnik V,Sputnik V,Gamaleya Research Institute,,2021-02-22,,,REPORTING
PRY,Beijing CNBG - BBIBP-CorV,BBIBP-CorV,Beijing Bio-Institute Biological Products (CNBG),,2021-03-15,,,REPORTING
PRY,Sinovac - CoronaVac,Coronavac,Sinovac,,2021-03-10,,,REPORTING
PSE,Sinovac - CoronaVac,Coronavac,Sinovac,,,,,REPORTING
PSE,Gamaleya - Sputnik V,Sputnik V,Gamaleya Research Institute,,,,,REPORTING
PSE,Beijing CNBG - BBIBP-CorV,BBIBP-CorV,Beijing Bio-Institute Biological Products (CNBG),,,,,REPORTING
PSE,Janssen - Ad26.COV 2.5,Ad26.COV 2.5,Janssen Pharmaceuticals,,,,,REPORTING
PSE,Moderna - mRNA-1273,mRNA-1273,Moderna,,,,,REPORTING
PSE,AstraZeneca - Vaxzevria,Vaxzevria,AstraZeneca,2021-01-25,2021-02-02,,,REPORTING
PSE,Pfizer BioNTech - Comirnaty,Comirnaty,Pfizer BioNTech,,,,,REPORTING
PYF,Janssen - Ad26.COV 2.5,Ad26.COV 2.5,Janssen Pharmaceuticals,2021-03-25,2021-05-03,,,REPORTING
PYF,Pfizer BioNTech - Comirnaty,Comirnaty,Pfizer BioNTech,2020-12-29,2021-01-18,,,REPORTING
QAT,Janssen - Ad26.COV 2.5,Ad26.COV 2.5,Janssen Pharmaceuticals,,,,,REPORTING
QAT,Moderna - mRNA-1273,mRNA-1273,Moderna,,,,,REPORTING
QAT,Pfizer BioNTech - Comirnaty,Comirnaty,Pfizer BioNTech,,,,,REPORTING
QAT,AstraZeneca - Vaxzevria,Vaxzevria,AstraZeneca,,2020-12-23,,,REPORTING
ROU,AstraZeneca - Vaxzevria,Vaxzevria,AstraZeneca,,2021-02-17,,,REPORTING
ROU,Moderna - mRNA-1273,mRNA-1273,Moderna,,2021-02-03,,,REPORTING
ROU,Janssen - Ad26.COV 2.5,Ad26.COV 2.5,Janssen Pharmaceuticals,,2021-05-05,,,REPORTING
ROU,Pfizer BioNTech - Comirnaty,Comirnaty,Pfizer BioNTech,,2021-01-27,,,REPORTING
RUS,SRCVB - EpiVacCorona,EpiVacCorona,State Research Center of Virology & Biotechnology,,,,,OWID
RUS,Gamaleya - Sputnik V,Sputnik V,Gamaleya Research Institute,,,,,OWID
RWA,Pfizer BioNTech - Comirnaty,Comirnaty,Pfizer BioNTech,,2021-02-14,,,REPORTING
RWA,Moderna - mRNA-1273,mRNA-1273,Moderna,,2021-02-14,,,REPORTING
RWA,SII - Covishield,Covishield,Serum Institute of India,,2021-02-14,,,REPORTING
SAU,Moderna - mRNA-1273,mRNA-1273,Moderna,,,,,REPORTING
SAU,Janssen - Ad26.COV 2.5,Ad26.COV 2.5,Janssen Pharmaceuticals,,,,,REPORTING
SAU,AstraZeneca - Vaxzevria,Vaxzevria,AstraZeneca,2020-12-10,2021-01-06,,,REPORTING
SAU,Pfizer BioNTech - Comirnaty,Comirnaty,Pfizer BioNTech,,,,,REPORTING
SDN,Pfizer BioNTech - Comirnaty,Comirnaty,Pfizer BioNTech,2021-02-20,2021-03-09,,,REPORTING
SDN,Beijing CNBG - BBIBP-CorV,BBIBP-CorV,Beijing Bio-Institute Biological Products (CNBG),,,,,REPORTING
SDN,Sinovac - CoronaVac,Coronavac,Sinovac,,,,,REPORTING
SDN,SII - Covishield,Covishield,Serum Institute of India,2021-02-20,2021-03-09,,,REPORTING
SEN,SII - Covishield,Covishield,Serum Institute of India,2021-02-16,2021-02-23,,,REPORTING
SEN,Beijing CNBG - BBIBP-CorV,BBIBP-CorV,Beijing Bio-Institute Biological Products (CNBG),2021-02-23,2021-02-23,,,REPORTING
SGP,Pfizer BioNTech - Comirnaty,Comirnaty,Pfizer BioNTech,2020-12-14,2020-12-30,,,REPORTING
SGP,AstraZeneca - Vaxzevria,Vaxzevria,AstraZeneca,,,,,REPORTING
SGP,Moderna - mRNA-1273,mRNA-1273,Moderna,2021-02-03,2021-03-17,,,REPORTING
SHN,AstraZeneca - AZD1222,AZD1222,AstraZeneca,,,,,OWID
SLB,Beijing CNBG - BBIBP-CorV,BBIBP-CorV,Beijing Bio-Institute Biological Products (CNBG),2021-03-12,2021-05-21,,,REPORTING
SLB,AstraZeneca - Vaxzevria,Vaxzevria,AstraZeneca,2021-05-26,,,,REPORTING
SLB,SII - Covishield,Covishield,Serum Institute of India,2021-02-22,2021-03-23,,,REPORTING
SLE,SII - Covishield,Covishield,Serum Institute of India,2021-03-04,2021-03-15,,,REPORTING
SLE,Beijing CNBG - BBIBP-CorV,BBIBP-CorV,Beijing Bio-Institute Biological Products (CNBG),,2021-03-15,,,REPORTING
SLV,Pfizer BioNTech - Comirnaty,Comirnaty,Pfizer BioNTech,,2021-03-23,,,REPORTING
SLV,AstraZeneca - Vaxzevria,Vaxzevria,AstraZeneca,,2021-02-17,,,REPORTING
SLV,Moderna - mRNA-1273,mRNA-1273,Moderna,,,,,REPORTING
SLV,SII - Covishield,Covishield,Serum Institute of India,,2021-04-12,,,REPORTING
SLV,Sinovac - CoronaVac,Coronavac,Sinovac,,2021-03-28,,,REPORTING
SMR,Pfizer BioNTech - Comirnaty,Comirnaty,Pfizer BioNTech,,2021-03-03,,,REPORTING
SMR,Gamaleya - Sputnik V,Sputnik V,Gamaleya Research Institute,,2021-02-24,,,REPORTING
SOM,Beijing CNBG - BBIBP-CorV,BBIBP-CorV,Beijing Bio-Institute Biological Products (CNBG),,,,,REPORTING
SOM,Sinovac - CoronaVac,Coronavac,Sinovac,,,,,REPORTING
SOM,SII - Covishield,Covishield,Serum Institute of India,2021-02-22,2021-03-16,,,REPORTING
SRB,Beijing CNBG - BBIBP-CorV,BBIBP-CorV,Beijing Bio-Institute Biological Products (CNBG),,2021-01-20,,,REPORTING
SRB,Gamaleya - Sputnik V,Sputnik V,Gamaleya Research Institute,,2021-01-06,,,REPORTING
SRB,Pfizer BioNTech - Comirnaty,Comirnaty,Pfizer BioNTech,,2020-12-23,,,REPORTING
SRB,AstraZeneca - Vaxzevria,Vaxzevria,AstraZeneca,,2021-02-24,,,REPORTING
SSD,SII - Covishield,Covishield,Serum Institute of India,2021-03-01,2021-04-06,,,REPORTING
STP,SII - Covishield,Covishield,Serum Institute of India,2021-02-21,2021-03-15,,,REPORTING
STP,AstraZeneca - Vaxzevria,Vaxzevria,AstraZeneca,,2021-03-15,,,REPORTING
SUR,AstraZeneca - Vaxzevria,Vaxzevria,AstraZeneca,,,,,REPORTING
SUR,Beijing CNBG - BBIBP-CorV,BBIBP-CorV,Beijing Bio-Institute Biological Products (CNBG),,,,,REPORTING
SUR,SII - Covishield,Covishield,Serum Institute of India,,2021-02-23,,,REPORTING
SVK,Gamaleya - Sputnik V,Sputnik V,Gamaleya Research Institute,,2021-05-26,,,REPORTING
SVK,Pfizer BioNTech - Comirnaty,Comirnaty,Pfizer BioNTech,,2021-01-06,,,REPORTING
SVK,AstraZeneca - Vaxzevria,Vaxzevria,AstraZeneca,,2021-02-10,,,REPORTING
SVK,Moderna - mRNA-1273,mRNA-1273,Moderna,,2021-01-27,,,REPORTING
SVK,Janssen - Ad26.COV 2.5,Ad26.COV 2.5,Janssen Pharmaceuticals,,2021-06-16,,,REPORTING
SVN,Janssen - Ad26.COV 2.5,Ad26.COV 2.5,Janssen Pharmaceuticals,,2021-04-28,,,REPORTING
SVN,Moderna - mRNA-1273,mRNA-1273,Moderna,,2021-01-13,,,REPORTING
SVN,AstraZeneca - Vaxzevria,Vaxzevria,AstraZeneca,,2021-02-10,,,REPORTING
SVN,Pfizer BioNTech - Comirnaty,Comirnaty,Pfizer BioNTech,,2020-12-23,,,REPORTING
SWE,Pfizer BioNTech - Comirnaty,Comirnaty,Pfizer BioNTech,,2020-12-23,,,REPORTING
SWE,AstraZeneca - Vaxzevria,Vaxzevria,AstraZeneca,,2021-02-10,,,REPORTING
SWE,Moderna - mRNA-1273,mRNA-1273,Moderna,,2021-01-13,,,REPORTING
SWZ,SII - Covishield,Covishield,Serum Institute of India,,2021-03-19,,,REPORTING
SXM,Moderna - mRNA-1273,mRNA-1273,Moderna,,,,,REPORTING
SXM,AstraZeneca - Vaxzevria,Vaxzevria,AstraZeneca,,,,,REPORTING
SXM,Pfizer BioNTech - Comirnaty,Comirnaty,Pfizer BioNTech,,2021-02-22,,,REPORTING
SYC,Beijing CNBG - BBIBP-CorV,BBIBP-CorV,Beijing Bio-Institute Biological Products (CNBG),,2021-01-10,,,REPORTING
SYC,SII - Covishield,Covishield,Serum Institute of India,,2021-01-10,,,REPORTING
SYR,SII - Covishield,Covishield,Serum Institute of India,2021-02-03,2021-04-01,,,REPORTING
SYR,Gamaleya - Sputnik V,Sputnik V,Gamaleya Research Institute,,,,,REPORTING
SYR,Beijing CNBG - BBIBP-CorV,BBIBP-CorV,Beijing Bio-Institute Biological Products (CNBG),,,,,REPORTING
SYR,Sinovac - CoronaVac,Coronavac,Sinovac,,,,,REPORTING
SYR,Janssen - Ad26.COV 2.5,Ad26.COV 2.5,Janssen Pharmaceuticals,,,,,REPORTING
TCA,Pfizer BioNTech - Comirnaty,Comirnaty,Pfizer BioNTech,,2021-01-11,,,REPORTING
TCD,Beijing CNBG - BBIBP-CorV,BBIBP-CorV,Beijing Bio-Institute Biological Products (CNBG),2021-05-07,2021-06-04,,,REPORTING
TGO,SII - Covishield,Covishield,Serum Institute of India,,2021-03-10,,,REPORTING
THA,SII - Covishield,Covishield,Serum Institute of India,2021-01-21,2021-03-16,,,REPORTING
THA,Beijing CNBG - BBIBP-CorV,BBIBP-CorV,Beijing Bio-Institute Biological Products (CNBG),2021-05-28,2021-06-25,,,REPORTING
THA,AstraZeneca - Vaxzevria,Vaxzevria,AstraZeneca,2021-01-20,2021-03-16,,,REPORTING
THA,Sinovac - CoronaVac,Coronavac,Sinovac,2021-02-22,2021-02-28,,,REPORTING
THA,Janssen - Ad26.COV 2.5,Ad26.COV 2.5,Janssen Pharmaceuticals,2021-03-25,,,,REPORTING
THA,Moderna - mRNA-1273,mRNA-1273,Moderna,2021-05-13,,,,REPORTING
TJK,Sinovac - CoronaVac,Coronavac,Sinovac,,2021-06-23,,,REPORTING
TJK,AstraZeneca - Vaxzevria,Vaxzevria,AstraZeneca,,2021-04-14,,,REPORTING
TJK,SII - Covishield,Covishield,Serum Institute of India,,2021-03-24,,,REPORTING
TKL,Pfizer BioNTech - Comirnaty,Comirnaty,Pfizer BioNTech,,2021-07-20,,,REPORTING
TKM,AstraZeneca - Vaxzevria,Vaxzevria,AstraZeneca,,2021-02-24,,,REPORTING
TKM,Beijing CNBG - BBIBP-CorV,BBIBP-CorV,Beijing Bio-Institute Biological Products (CNBG),,2021-02-24,,,REPORTING
TKM,Gamaleya - Sputnik V,Sputnik V,Gamaleya Research Institute,,2021-02-24,,,REPORTING
TKM,SRCVB - EpiVacCorona,EpiVacCorona,State Research Center of Virology & Biotechnology,,2021-02-24,,,REPORTING
TLS,AstraZeneca - Vaxzevria,Vaxzevria,AstraZeneca,2021-02-23,2021-04-07,,,REPORTING
TLS,Sinovac - CoronaVac,Coronavac,Sinovac,,2021-06-14,,,REPORTING
TLS,SII - Covishield,Covishield,Serum Institute of India,2021-02-23,2021-04-07,,,REPORTING
TON,AstraZeneca - Vaxzevria,Vaxzevria,AstraZeneca,2021-02-22,2021-04-14,,,REPORTING
TTO,AstraZeneca - Vaxzevria,Vaxzevria,AstraZeneca,,,,,REPORTING
TTO,Pfizer BioNTech - Comirnaty,Comirnaty,Pfizer BioNTech,,,,,REPORTING
TTO,Beijing CNBG - BBIBP-CorV,BBIBP-CorV,Beijing Bio-Institute Biological Products (CNBG),,,,,REPORTING
TTO,SII - Covishield,Covishield,Serum Institute of India,,2021-02-17,,,REPORTING
TUN,Sinovac - CoronaVac,Coronavac,Sinovac,,,,,REPORTING
TUN,Gamaleya - Sputnik V,Sputnik V,Gamaleya Research Institute,,,,,REPORTING
TUN,Janssen - Ad26.COV 2.5,Ad26.COV 2.5,Janssen Pharmaceuticals,,,,,REPORTING
TUN,Pfizer BioNTech - Comirnaty,Comirnaty,Pfizer BioNTech,,,,,REPORTING
TUN,AstraZeneca - Vaxzevria,Vaxzevria,AstraZeneca,2021-01-11,2021-03-13,,,REPORTING
TUR,Pfizer BioNTech - Comirnaty,Comirnaty,Pfizer BioNTech,,,,,OWID
TUR,Sinovac - CoronaVac,Coronavac,Sinovac,,,,,OWID
TUV,AstraZeneca - Vaxzevria,Vaxzevria,AstraZeneca,2021-03-02,2021-04-13,,,REPORTING
UGA,SII - Covishield,Covishield,Serum Institute of India,,2021-03-10,,,REPORTING
UKR,Sinovac - CoronaVac,Coronavac,Sinovac,,2021-04-14,,,REPORTING
UKR,SII - Covishield,Covishield,Serum Institute of India,,2021-02-24,,,REPORTING
UKR,Pfizer BioNTech - Comirnaty,Comirnaty,Pfizer BioNTech,,2021-04-14,,,REPORTING
UKR,Moderna - mRNA-1273,mRNA-1273,Moderna,,2021-07-21,,,REPORTING
UKR,AstraZeneca - Vaxzevria,Vaxzevria,AstraZeneca,,2021-04-28,,,REPORTING
UKR,Janssen - Ad26.COV 2.5,Ad26.COV 2.5,Janssen Pharmaceuticals,,2021-05-19,,,REPORTING
URY,Pfizer BioNTech - Comirnaty,Comirnaty,Pfizer BioNTech,,2021-03-12,,,REPORTING
URY,AstraZeneca - Vaxzevria,Vaxzevria,AstraZeneca,,2021-04-17,,,REPORTING
URY,Sinovac - CoronaVac,Coronavac,Sinovac,,2021-02-27,,,REPORTING
USA,Pfizer BioNTech - Comirnaty,Comirnaty,Pfizer BioNTech,,2020-12-14,,,REPORTING
USA,Janssen - Ad26.COV 2.5,Ad26.COV 2.5,Janssen Pharmaceuticals,,,,,REPORTING
USA,Moderna - mRNA-1273,mRNA-1273,Moderna,,2020-12-21,,,REPORTING
UZB,Anhui ZL - Recombinant,Recombinant SARS-CoV-2 vaccine,Anhui Zhifei Longcom Biopharmaceutical,,2021-04-28,,,REPORTING
UZB,Gamaleya - Sputnik V,Sputnik V,Gamaleya Research Institute,,2021-04-28,,,REPORTING
UZB,SII - Covishield,Covishield,Serum Institute of India,,2021-04-28,,,REPORTING
VCT,SII - Covishield,Covishield,Serum Institute of India,,2021-02-14,,,REPORTING
VCT,Gamaleya - Sputnik V,Sputnik V,Gamaleya Research Institute,,2021-02-01,,,REPORTING
VCT,AstraZeneca - Vaxzevria,Vaxzevria,AstraZeneca,,,,,REPORTING
VEN,Wuhan CNBG - Inactivated,Inactivated SARS-CoV-2 vaccine,Wuhan Institute of Biological Products (CNBG),,2021-03-08,,,REPORTING
VEN,Gamaleya - Sputnik V,Sputnik V,Gamaleya Research Institute,,2021-02-22,,,REPORTING
VEN,Beijing CNBG - BBIBP-CorV,BBIBP-CorV,Beijing Bio-Institute Biological Products (CNBG),,2021-03-08,,,REPORTING
VGB,AstraZeneca - Vaxzevria,Vaxzevria,AstraZeneca,,2021-02-11,,,REPORTING
VNM,Pfizer BioNTech - Comirnaty,Comirnaty,Pfizer BioNTech,2021-06-12,,,,REPORTING
VNM,Beijing CNBG - BBIBP-CorV,BBIBP-CorV,Beijing Bio-Institute Biological Products (CNBG),2021-06-03,2021-07-10,,,REPORTING
VNM,Gamaleya - Sputnik V,Sputnik V,Gamaleya Research Institute,2021-03-23,,,,REPORTING
VNM,Moderna - mRNA-1273,mRNA-1273,Moderna,,,,,REPORTING
VNM,AstraZeneca - Vaxzevria,Vaxzevria,AstraZeneca,2021-02-01,2021-03-08,,,REPORTING
VUT,Beijing CNBG - BBIBP-CorV,BBIBP-CorV,Beijing Bio-Institute Biological Products (CNBG),2021-06-02,2021-06-15,,,REPORTING
VUT,AstraZeneca - Vaxzevria,Vaxzevria,AstraZeneca,2021-05-10,2021-06-02,,,REPORTING
WLF,Moderna - mRNA-1273,mRNA-1273,Moderna,2021-01-06,2021-03-19,,,REPORTING
WSM,AstraZeneca - Vaxzevria,Vaxzevria,AstraZeneca,2021-02-23,2021-04-18,,,REPORTING
XKX,AstraZeneca - AZD1222,AZD1222,AstraZeneca,,,,,OWID
YEM,SII - Covishield,Covishield,Serum Institute of India,2021-02-27,2021-04-20,,,REPORTING
ZAF,Janssen - Ad26.COV 2.5,Ad26.COV 2.5,Janssen Pharmaceuticals,,2021-02-17,,,REPORTING
ZMB,SII - Covishield,Covishield,Serum Institute of India,2021-02-28,2021-04-14,,,REPORTING
ZWE,Sinovac - CoronaVac,Coronavac,Sinovac,,2021-02-18,,,REPORTING
ZWE,Bharat - Covaxin,Covaxin,Bharat Biotech,,2021-02-18,,,REPORTING
ZWE,Beijing CNBG - BBIBP-CorV,BBIBP-CorV,Beijing Bio-Institute Biological Products (CNBG),,,,,REPORTING
