COUNTRY,ISO3,WHO_REGION,DATA_SOURCE,DATE_UPDATED,TOTAL_VACCINATIONS,PERSONS_VACCINATED_1PLUS_DOSE,TOTAL_VACCINATIONS_PER100,PERSONS_VACCINATED_1PLUS_DOSE_PER100,PERSONS_FULLY_VACCINATED,PERSONS_FULLY_VACCINATED_PER100,FIRST_VACCINE_DATE,NUMBER_VACCINES_TYPES_USED,,,VACCINES_USED,,,Abdala,Anhui ZL - Recombinant,AstraZeneca ,Beijing CNBG - BBIBP-CorV,CanSino ,Sputnik V,Janssen - ,Moderna,Novavx,Pfizer ,Covishield,Sinovac,Soberana02,Wuhan CNBG
Afghanistan,AFG,EMRO,REPORTING,29-07-2021,1381416,763020,3.549,1.96,618396,1.589,22-02-2021,4,,,"AstraZeneca - Vaxzevria,Moderna - mRNA-1273,Pfizer BioNTech - Comirnaty",1,Abdala,No,No,AstraZeneca ,No,No,No,No,Moderna,No,Pfizer ,No,No,No,No
Albania,ALB,EURO,REPORTING,18-07-2021,1059825,596907,36.8,20.742,462918,16.086,13-01-2021,5,,,"Beijing CNBG - BBIBP-CorV,Janssen - Ad26.COV 2.5,Pfizer BioNTech - Comirnaty,SII - Covishield",2,Anhui ZL - Recombinant,No,No,No,Beijing CNBG - BBIBP-CorV,No,No,Janssen - ,No,No,Pfizer ,Covishield,No,No,No
Algeria,DZA,AFRO,REPORTING,26-07-2021,,,,,,,30-01-2021,3,,,SII - Covishield,3,AstraZeneca - Vaxzevria,No,No,No,No,No,No,No,No,No,No,Covishield,No,No,No
American Samoa,ASM,WPRO,REPORTING,26-07-2021,50168,27823,90.889,50.407,22881,41.453,21-12-2020,3,,,"AstraZeneca - Vaxzevria,Gamaleya - Sputnik V,Pfizer BioNTech - Comirnaty,SII - Covishield,Sinovac - CoronaVac",4,Beijing CNBG - BBIBP-CorV,No,No,AstraZeneca ,No,No,Sputnik V,No,No,No,Pfizer ,Covishield,Sinovac,No,No
Andorra,AND,EURO,REPORTING,18-07-2021,80553,49333,104.3,63.849,31220,40.406,20-01-2021,3,,,"AstraZeneca - Vaxzevria,Beijing CNBG - BBIBP-CorV,SII - Covishield",5,CanSino - Ad5-nCOV,No,No,AstraZeneca ,Beijing CNBG - BBIBP-CorV,No,No,No,No,No,No,Covishield,No,No,No
Angola,AGO,AFRO,REPORTING,26-07-2021,1592537,958373,4.846,2.916,634164,1.93,10-03-2021,1,,,"Beijing CNBG - BBIBP-CorV,Gamaleya - Sputnik V,SII - Covishield",6,Gamaleya - Sputnik V,No,No,No,Beijing CNBG - BBIBP-CorV,No,Sputnik V,No,No,No,No,Covishield,No,No,No
Anguilla,AIA,AMRO,REPORTING,23-07-2021,18001,9398,119.991,62.645,8603,57.346,05-02-2021,1,,,"Janssen - Ad26.COV 2.5,Moderna - mRNA-1273,Pfizer BioNTech - Comirnaty",7,Janssen - Ad26.COV 2.5,No,Abdala,No,No,No,No,Janssen - ,Moderna,No,Pfizer ,No,No,No,No
Antigua and Barbuda,ATG,AMRO,REPORTING,23-07-2021,66522,37498,67.929,38.291,29024,29.638,19-02-2021,3,,,AstraZeneca - Vaxzevria,8,Moderna - mRNA-1273,No,No,AstraZeneca ,No,No,No,No,No,No,No,No,No,No,No
Argentina,ARG,AMRO,REPORTING,23-07-2021,28674364,22876517,63.445,50.616,5797847,12.828,29-12-2020,4,,,"AstraZeneca - Vaxzevria,Beijing CNBG - BBIBP-CorV,Gamaleya - Sputnik V,SII - Covishield",9,Novavax - Covavax,No,No,AstraZeneca ,Beijing CNBG - BBIBP-CorV,No,Sputnik V,No,No,No,No,Covishield,No,No,No
Armenia,ARM,EURO,REPORTING,25-07-2021,153656,108674,5.2,3.667,44982,1.518,16-06-2021,3,,,"AstraZeneca - Vaxzevria,Gamaleya - Sputnik V,Sinovac - CoronaVac",10,Pfizer BioNTech - Comirnaty,No,No,AstraZeneca ,No,No,Sputnik V,No,No,No,No,No,Sinovac,No,No
Aruba,ABW,AMRO,REPORTING,23-07-2021,135015,71671,126.459,67.129,63344,59.33,17-02-2021,2,,,"Janssen - Ad26.COV 2.5,Pfizer BioNTech - Comirnaty",11,SII - Covishield,No,No,No,No,No,No,Janssen - ,No,No,Pfizer ,No,No,No,No
Australia,AUS,WPRO,REPORTING,24-07-2021,11140511,7802517,43.688,30.598,3326691,13.046,21-02-2021,3,,,"AstraZeneca - Vaxzevria,Novavax - Covavax,Pfizer BioNTech - Comirnaty",12,Sinovac - CoronaVac,No,No,AstraZeneca ,No,No,No,No,No,Novavx,Pfizer ,No,No,No,No
Austria,AUT,EURO,REPORTING,25-07-2021,9231684,5098454,103.7,57.279,4133230,48.521,30-12-2020,4,,,"AstraZeneca - Vaxzevria,Janssen - Ad26.COV 2.5,Moderna - mRNA-1273,Pfizer BioNTech - Comirnaty",13,Soberana02,No,No,AstraZeneca ,No,No,No,Janssen - ,Moderna,No,Pfizer ,No,No,No,No
Azerbaijan,AZE,EURO,REPORTING,25-07-2021,4563127,2653600,45,26.172,1909527,18.833,20-01-2021,4,,,"AstraZeneca - Vaxzevria,Gamaleya - Sputnik V,Pfizer BioNTech - Comirnaty,Sinovac - CoronaVac",14,Wuhan CNBG - Inactivated,No,Abdala,AstraZeneca ,No,No,Sputnik V,No,No,No,Pfizer ,No,Sinovac,No,No
Bahamas,BHS,AMRO,REPORTING,23-07-2021,99755,60389,25.367,15.357,39366,10.011,14-03-2021,2,,,"AstraZeneca - Vaxzevria,SII - Covishield",,,No,Abdala,AstraZeneca ,No,No,No,No,No,No,No,Covishield,No,No,No
Bahrain,BHR,EMRO,REPORTING,29-07-2021,2155380,1105717,126.67,64.982,1049663,61.688,04-11-2020,7,,,"AstraZeneca - Vaxzevria,Beijing CNBG - BBIBP-CorV,Gamaleya - Sputnik V,Janssen - Ad26.COV 2.5,Moderna - mRNA-1273,Pfizer BioNTech - Comirnaty,SII - Covishield",,,No,Abdala,AstraZeneca ,Beijing CNBG - BBIBP-CorV,No,Sputnik V,Janssen - ,Moderna,No,Pfizer ,Covishield,No,No,No
Bangladesh,BGD,SEARO,REPORTING,27-07-2021,12334479,8018681,7.49,4.869,4315798,2.621,27-01-2021,8,,,"AstraZeneca - Vaxzevria,Beijing CNBG - BBIBP-CorV,Gamaleya - Sputnik V,Janssen - Ad26.COV 2.5,Moderna - mRNA-1273,Pfizer BioNTech - Comirnaty,SII - Covishield,Sinovac - CoronaVac",,,No,Abdala,AstraZeneca ,Beijing CNBG - BBIBP-CorV,No,Sputnik V,Janssen - ,Moderna,No,Pfizer ,Covishield,Sinovac,No,No
Barbados,BRB,AMRO,REPORTING,23-07-2021,172406,98592,59.993,34.308,73814,25.686,10-02-2021,3,,,"AstraZeneca - Vaxzevria,Beijing CNBG - BBIBP-CorV,SII - Covishield",,,No,Abdala,AstraZeneca ,Beijing CNBG - BBIBP-CorV,No,No,No,No,No,No,Covishield,No,No,No
Belarus,BLR,EURO,REPORTING,25-07-2021,2194993,1334540,23.2,14.123,860453,9.106,03-02-2021,2,,,"Beijing CNBG - BBIBP-CorV,Gamaleya - Sputnik V",,,No,Abdala,No,Beijing CNBG - BBIBP-CorV,No,Sputnik V,No,No,No,No,No,No,No,No
Belgium,BEL,EURO,REPORTING,25-07-2021,13530266,7645254,117.4,66.351,5885012,53.743,30-12-2020,4,,,"AstraZeneca - Vaxzevria,Janssen - Ad26.COV 2.5,Moderna - mRNA-1273,Pfizer BioNTech - Comirnaty",,,No,Abdala,AstraZeneca ,No,No,No,Janssen - ,Moderna,No,Pfizer ,No,No,No,No
Belize,BLZ,AMRO,REPORTING,23-07-2021,165306,119677,41.573,30.098,45629,11.475,01-03-2021,3,,,"AstraZeneca - Vaxzevria,Beijing CNBG - BBIBP-CorV,SII - Covishield",,,No,Abdala,AstraZeneca ,Beijing CNBG - BBIBP-CorV,No,No,No,No,No,No,Covishield,No,No,No
Benin,BEN,AFRO,REPORTING,26-07-2021,57886,43377,0.477,0.358,14599,0.12,29-03-2021,2,,,"SII - Covishield,Sinovac - CoronaVac",,,No,Abdala,No,No,No,No,No,No,No,No,Covishield,Sinovac,No,No
Bermuda,BMU,AMRO,REPORTING,23-07-2021,82468,41651,132.43,66.885,40817,65.545,11-01-2021,2,,,"AstraZeneca - Vaxzevria,Pfizer BioNTech - Comirnaty",,,No,Abdala,AstraZeneca ,No,No,No,No,No,No,Pfizer ,No,No,No,No
Bhutan,BTN,SEARO,REPORTING,26-07-2021,963652,508279,124.889,65.873,455373,59.016,27-03-2021,4,,,"AstraZeneca - Vaxzevria,Moderna - mRNA-1273,Pfizer BioNTech - Comirnaty,SII - Covishield",,,No,Abdala,AstraZeneca ,No,No,No,No,Moderna,No,Pfizer ,Covishield,No,No,No
Bolivia (Plurinational State of),BOL,AMRO,REPORTING,23-07-2021,3887758,2814808,33.305,24.114,1144931,9.808,30-01-2021,5,,,"Beijing CNBG - BBIBP-CorV,Gamaleya - Sputnik V,Janssen - Ad26.COV 2.5,Pfizer BioNTech - Comirnaty,SII - Covishield",,,No,Abdala,No,Beijing CNBG - BBIBP-CorV,No,Sputnik V,Janssen - ,No,No,Pfizer ,Covishield,No,No,No
Bonaire,XAA,AMRO,REPORTING,23-07-2021,28115,15154,134.425,72.455,12961,61.97,,,,,,,,No,No,No,No,No,No,No,No,No,No,No,No,No,No
"Bonaire, Sint Eustatius and Saba",BES,AMRO,REPORTING,09-04-2021,7391,5726,28.441,22.034,2965,11.41,22-02-2021,2,,,"Moderna - mRNA-1273,Pfizer BioNTech - Comirnaty",,,No,Abdala,No,No,No,No,No,Moderna,No,Pfizer ,No,No,No,No
Bosnia and Herzegovina,BIH,EURO,OWID,05-07-2021,470218,306429,14.3,9.34,,4.992,,4,,,"AstraZeneca - AZD1222, Pfizer BioNTech - Comirnaty, Sinovac - CoronaVac, Gamaleya - Sputnik V",,,No,Abdala,No,No,No,Sputnik V,No,No,No,Pfizer ,No,Sinovac,No,No
Botswana,BWA,AFRO,REPORTING,26-07-2021,211608,214611,8.998,9.126,127380,5.417,26-03-2021,4,,,"Moderna - mRNA-1273,Pfizer BioNTech - Comirnaty,SII - Covishield,Sinovac - CoronaVac",,,No,Abdala,No,No,No,No,No,Moderna,No,Pfizer ,Covishield,Sinovac,No,No
Brazil,BRA,AMRO,REPORTING,23-07-2021,123291610,92631212,58.003,43.579,34400170,16.184,17-01-2021,5,,,"AstraZeneca - Vaxzevria,Janssen - Ad26.COV 2.5,Pfizer BioNTech - Comirnaty,SII - Covishield,Sinovac - CoronaVac",,,No,Abdala,AstraZeneca ,No,No,No,Janssen - ,No,No,Pfizer ,Covishield,Sinovac,No,No
British Virgin Islands,VGB,AMRO,REPORTING,23-07-2021,26501,15620,87.644,51.659,10881,35.986,11-02-2021,1,,,AstraZeneca - Vaxzevria,,,No,Abdala,AstraZeneca ,No,No,No,No,No,No,No,No,No,No,No
Brunei Darussalam,BRN,WPRO,REPORTING,23-07-2021,140890,119169,32.205,27.24,21721,4.965,03-04-2021,5,,,"AstraZeneca - Vaxzevria,Beijing CNBG - BBIBP-CorV,Janssen - Ad26.COV 2.5,Moderna - mRNA-1273,Pfizer BioNTech - Comirnaty",,,No,Abdala,AstraZeneca ,Beijing CNBG - BBIBP-CorV,No,No,Janssen - ,Moderna,No,Pfizer ,No,No,No,No
Bulgaria,BGR,EURO,REPORTING,25-07-2021,1964309,1068106,28.3,15.365,896203,13.872,30-12-2020,4,,,"AstraZeneca - Vaxzevria,Janssen - Ad26.COV 2.5,Moderna - mRNA-1273,Pfizer BioNTech - Comirnaty",,,No,Abdala,AstraZeneca ,No,No,No,Janssen - ,Moderna,No,Pfizer ,No,No,No,No
Burkina Faso,BFA,AFRO,REPORTING,26-07-2021,37120,34762,0.178,0.166,,,02-06-2021,1,,,SII - Covishield,,,No,Abdala,No,No,No,No,No,No,No,No,Covishield,No,No,No
Cabo Verde,CPV,AFRO,REPORTING,26-07-2021,159446,141276,28.678,25.41,18170,3.268,18-03-2021,2,,,"Pfizer BioNTech - Comirnaty,SII - Covishield",,,No,Abdala,No,No,No,No,No,No,No,Pfizer ,Covishield,No,No,No
Cambodia,KHM,WPRO,REPORTING,23-07-2021,10915733,6552632,65.29,39.193,4363101,26.097,10-02-2021,4,,,"AstraZeneca - Vaxzevria,Beijing CNBG - BBIBP-CorV,SII - Covishield,Sinovac - CoronaVac",,,No,Abdala,AstraZeneca ,Beijing CNBG - BBIBP-CorV,No,No,No,No,No,No,Covishield,Sinovac,No,No
Cameroon,CMR,AFRO,REPORTING,26-07-2021,331875,279987,1.25,1.055,51888,0.195,12-04-2021,2,,,"Beijing CNBG - BBIBP-CorV,SII - Covishield",,,No,Abdala,No,Beijing CNBG - BBIBP-CorV,No,No,No,No,No,No,Covishield,No,No,No
Canada,CAN,AMRO,REPORTING,23-07-2021,47009235,26688514,124.554,70.713,20320721,53.841,14-12-2020,3,,,"Moderna - mRNA-1273,Pfizer BioNTech - Comirnaty,SII - Covishield",,,No,Abdala,No,No,No,No,No,Moderna,No,Pfizer ,Covishield,No,No,No
Cayman Islands,CYM,AMRO,REPORTING,23-07-2021,96439,49444,146.742,75.234,46995,71.508,15-01-2021,1,,,Pfizer BioNTech - Comirnaty,,,No,Abdala,No,No,No,No,No,No,No,Pfizer ,No,No,No,No
Central African Republic,CAF,AFRO,REPORTING,26-07-2021,93790,85381,1.942,1.768,9901,0.205,19-03-2021,2,,,"Bharat - Covaxin,SII - Covishield",,,No,Abdala,No,No,No,No,No,No,No,No,Covishield,No,No,No
Chad,TCD,AFRO,REPORTING,26-07-2021,22907,15138,0.139,0.092,7769,0.047,04-06-2021,1,,,Beijing CNBG - BBIBP-CorV,,,No,Abdala,No,Beijing CNBG - BBIBP-CorV,No,No,No,No,No,No,No,No,No,No
Chile,CHL,AMRO,REPORTING,23-07-2021,24391470,13045143,127.596,68.241,11843564,61.956,21-12-2020,4,,,"AstraZeneca - Vaxzevria,CanSino - Ad5-nCOV,Pfizer BioNTech - Comirnaty,Sinovac - CoronaVac",,,No,Abdala,AstraZeneca ,No,CanSino ,No,No,No,No,Pfizer ,No,Sinovac,No,No
China,CHN,WPRO,REPORTING,24-07-2021,1544257930,,104.96,,,,06-03-2021,6,,,"Anhui ZL - Recombinant,Beijing CNBG - BBIBP-CorV,CanSino - Ad5-nCOV,Pfizer BioNTech - Comirnaty,Sinovac - CoronaVac,Wuhan CNBG - Inactivated",,,No,Abdala,No,Beijing CNBG - BBIBP-CorV,CanSino ,No,No,No,No,Pfizer ,No,Sinovac,No,Wuhan CNBG
Colombia,COL,AMRO,REPORTING,23-07-2021,24535783,15672550,48.22,30.801,10889063,21.4,17-02-2021,4,,,"AstraZeneca - Vaxzevria,Janssen - Ad26.COV 2.5,Pfizer BioNTech - Comirnaty,Sinovac - CoronaVac",,,No,Abdala,AstraZeneca ,No,No,No,Janssen - ,No,No,Pfizer ,No,Sinovac,No,No
Comoros,COM,AFRO,REPORTING,26-07-2021,125960,84740,14.485,9.745,41220,4.74,10-04-2021,3,,,"Beijing CNBG - BBIBP-CorV,Bharat - Covaxin,SII - Covishield",,,No,Abdala,No,Beijing CNBG - BBIBP-CorV,No,No,No,No,No,No,Covishield,No,No,No
Congo,COG,AFRO,REPORTING,26-07-2021,126168,57795,2.286,1.047,68373,1.239,23-03-2021,4,,,"Beijing CNBG - BBIBP-CorV,Gamaleya - Sputnik V,Moderna - mRNA-1273,SII - Covishield",,,No,Abdala,No,Beijing CNBG - BBIBP-CorV,No,Sputnik V,No,Moderna,No,No,Covishield,No,No,No
Cook Islands,COK,WPRO,REPORTING,13-07-2021,20509,10931,116.767,62.235,9578,54.532,17-05-2021,1,,,Pfizer BioNTech - Comirnaty,,,No,Abdala,No,No,No,No,No,No,No,Pfizer ,No,No,No,No
Costa Rica,CRI,AMRO,REPORTING,23-07-2021,2878760,2046614,56.511,40.176,832146,16.335,24-12-2020,2,,,"AstraZeneca - Vaxzevria,Pfizer BioNTech - Comirnaty",,,No,Abdala,AstraZeneca ,No,No,No,No,No,No,Pfizer ,No,No,No,No
Côte d’Ivoire,CIV,AFRO,REPORTING,26-07-2021,929427,831249,3.523,3.151,98178,0.372,01-03-2021,3,,,"Beijing CNBG - BBIBP-CorV,Gamaleya - Sputnik V,SII - Covishield",,,No,Abdala,No,Beijing CNBG - BBIBP-CorV,No,Sputnik V,No,No,No,No,Covishield,No,No,No
Croatia,HRV,EURO,REPORTING,25-07-2021,3000770,1608290,73.9,39.793,1385907,35.246,23-12-2020,4,,,"AstraZeneca - Vaxzevria,Janssen - Ad26.COV 2.5,Moderna - mRNA-1273,Pfizer BioNTech - Comirnaty",,,No,Abdala,AstraZeneca ,No,No,No,Janssen - ,Moderna,No,Pfizer ,No,No,No,No
Cuba,CUB,AMRO,REPORTING,28-05-2021,798655,798655,7.051,7.051,,,,2,,,"Abdala, Soberana02",,,Abdala,Abdala,No,No,No,No,No,No,No,No,No,No,No,No
Curaçao,CUW,AMRO,REPORTING,23-07-2021,172716,91649,105.255,55.852,81067,49.403,24-02-2021,3,,,"AstraZeneca - Vaxzevria,Moderna - mRNA-1273,Pfizer BioNTech - Comirnaty",,,No,Abdala,AstraZeneca ,No,No,No,No,Moderna,No,Pfizer ,No,No,No,No
Cyprus,CYP,EURO,REPORTING,25-07-2021,951858,514161,107.2,57.901,437697,51.231,23-12-2020,4,,,"AstraZeneca - Vaxzevria,Janssen - Ad26.COV 2.5,Moderna - mRNA-1273,Pfizer BioNTech - Comirnaty",,,No,Abdala,AstraZeneca ,No,No,No,Janssen - ,Moderna,No,Pfizer ,No,No,No,No
Czechia,CZE,EURO,REPORTING,25-07-2021,9858873,5395485,92.2,50.454,4463388,42.872,23-12-2020,4,,,"AstraZeneca - Vaxzevria,Janssen - Ad26.COV 2.5,Moderna - mRNA-1273,Pfizer BioNTech - Comirnaty",,,No,Abdala,AstraZeneca ,No,No,No,Janssen - ,Moderna,No,Pfizer ,No,No,No,No
Democratic Republic of the Congo,COD,AFRO,REPORTING,26-07-2021,81384,78871,0.091,0.088,2513,0.003,19-04-2021,1,,,SII - Covishield,,,No,Abdala,No,No,No,No,No,No,No,No,Covishield,No,No,No
Denmark,DNK,EURO,REPORTING,25-07-2021,6831599,3945896,117.3,67.767,2885703,50.377,30-12-2020,4,,,"AstraZeneca - Vaxzevria,Janssen - Ad26.COV 2.5,Moderna - mRNA-1273,Pfizer BioNTech - Comirnaty",,,No,Abdala,AstraZeneca ,No,No,No,Janssen - ,Moderna,No,Pfizer ,No,No,No,No
Djibouti,DJI,EMRO,REPORTING,26-07-2021,26796,17986,2.712,1.82,8810,0.892,15-03-2021,5,,,"Beijing CNBG - BBIBP-CorV,Gamaleya - Sputnik V,Janssen - Ad26.COV 2.5,SII - Covishield,Sinovac - CoronaVac",,,No,Abdala,No,Beijing CNBG - BBIBP-CorV,No,Sputnik V,Janssen - ,No,No,No,Covishield,Sinovac,No,No
Dominica,DMA,AMRO,REPORTING,23-07-2021,40334,20784,56.026,28.87,19550,27.156,12-02-2021,3,,,"AstraZeneca - Vaxzevria,Beijing CNBG - BBIBP-CorV,SII - Covishield",,,No,Abdala,AstraZeneca ,Beijing CNBG - BBIBP-CorV,No,No,No,No,No,No,Covishield,No,No,No
Dominican Republic,DOM,AMRO,REPORTING,23-07-2021,9637523,5432072,88.842,50.075,3944218,36.359,16-02-2021,3,,,"AstraZeneca - Vaxzevria,SII - Covishield,Sinovac - CoronaVac",,,No,Abdala,AstraZeneca ,No,No,No,No,No,No,No,Covishield,Sinovac,No,No
Ecuador,ECU,AMRO,REPORTING,23-07-2021,9055887,7087388,51.328,40.171,1968499,11.157,21-01-2021,3,,,"AstraZeneca - Vaxzevria,Pfizer BioNTech - Comirnaty,Sinovac - CoronaVac",,,No,Abdala,AstraZeneca ,No,No,No,No,No,No,Pfizer ,No,Sinovac,No,No
Egypt,EGY,EMRO,REPORTING,26-07-2021,5337506,3697974,5.216,3.614,1639532,1.602,24-01-2021,4,,,"AstraZeneca - Vaxzevria,Beijing CNBG - BBIBP-CorV,Gamaleya - Sputnik V,Sinovac - CoronaVac",,,No,Abdala,AstraZeneca ,Beijing CNBG - BBIBP-CorV,No,Sputnik V,No,No,No,No,No,Sinovac,No,No
El Salvador,SLV,AMRO,REPORTING,23-07-2021,3860861,2468324,59.524,38.055,1392537,21.469,17-02-2021,5,,,"AstraZeneca - Vaxzevria,Moderna - mRNA-1273,Pfizer BioNTech - Comirnaty,SII - Covishield,Sinovac - CoronaVac",,,No,Abdala,AstraZeneca ,No,No,No,No,Moderna,No,Pfizer ,Covishield,Sinovac,No,No
Equatorial Guinea,GNQ,AFRO,REPORTING,26-07-2021,293702,174001,20.934,12.402,119701,8.532,12-02-2021,2,,,"Beijing CNBG - BBIBP-CorV,Sinovac - CoronaVac",,,No,Abdala,No,Beijing CNBG - BBIBP-CorV,No,No,No,No,No,No,No,Sinovac,No,No
Estonia,EST,EURO,REPORTING,25-07-2021,1105143,600121,83.2,45.157,505022,40.536,23-12-2020,4,,,"AstraZeneca - Vaxzevria,Janssen - Ad26.COV 2.5,Moderna - mRNA-1273,Pfizer BioNTech - Comirnaty",,,No,Abdala,AstraZeneca ,No,No,No,Janssen - ,Moderna,No,Pfizer ,No,No,No,No
Eswatini,SWZ,AFRO,REPORTING,26-07-2021,66553,38326,5.737,3.303,27227,2.347,19-03-2021,1,,,SII - Covishield,,,No,Abdala,No,No,No,No,No,No,No,No,Covishield,No,No,No
Ethiopia,ETH,AFRO,REPORTING,26-07-2021,2179990,2022933,1.896,1.76,157057,0.137,13-03-2021,3,,,"Beijing CNBG - BBIBP-CorV,Bharat - Covaxin,SII - Covishield",,,No,Abdala,No,Beijing CNBG - BBIBP-CorV,No,No,No,No,No,No,Covishield,No,No,No
Falkland Islands (Malvinas),FLK,AMRO,OWID,14-04-2021,4407,2632,126.529,75.567,1775,50.962,,1,,,AstraZeneca - AZD1222,,,No,Abdala,No,No,No,No,No,No,No,No,No,No,No,No
Faroe Islands,FRO,EURO,OWID,27-07-2021,62969,34555,128.863,70.715,28414,58.148,,2,,,"Moderna - mRNA-1273, Pfizer BioNTech - Comirnaty",,,No,Abdala,No,No,No,No,No,Moderna,No,Pfizer ,No,No,No,No
Fiji,FJI,WPRO,REPORTING,26-07-2021,553676,449934,61.764,50.191,103742,11.573,07-03-2021,3,,,"AstraZeneca - Vaxzevria,Moderna - mRNA-1273,SII - Covishield",,,No,Abdala,AstraZeneca ,No,No,No,No,Moderna,No,No,Covishield,No,No,No
Finland,FIN,EURO,REPORTING,25-07-2021,5316617,3565112,96.2,64.524,1751505,31.7,23-12-2020,4,,,"AstraZeneca - Vaxzevria,Janssen - Ad26.COV 2.5,Moderna - mRNA-1273,Pfizer BioNTech - Comirnaty",,,No,Abdala,AstraZeneca ,No,No,No,Janssen - ,Moderna,No,Pfizer ,No,No,No,No
France,FRA,EURO,REPORTING,25-07-2021,68948598,39159654,102.4,58.169,29788944,44.323,30-12-2020,4,,,"AstraZeneca - Vaxzevria,Janssen - Ad26.COV 2.5,Moderna - mRNA-1273,Pfizer BioNTech - Comirnaty",,,No,Abdala,AstraZeneca ,No,No,No,Janssen - ,Moderna,No,Pfizer ,No,No,No,No
French Guiana,GUF,AMRO,REPORTING,23-07-2021,98065,57577,32.833,19.277,40488,13.556,,,,,,,,No,No,No,No,No,No,No,No,No,No,No,No,No,No
French Polynesia,PYF,WPRO,REPORTING,22-07-2021,137967,83207,49.115,29.621,70827,25.214,18-01-2021,2,,,"Janssen - Ad26.COV 2.5,Pfizer BioNTech - Comirnaty",,,No,Abdala,No,No,No,No,Janssen - ,No,No,Pfizer ,No,No,No,No
Gabon,GAB,AFRO,REPORTING,26-07-2021,87181,52830,3.917,2.374,34351,1.543,23-03-2021,1,,,Beijing CNBG - BBIBP-CorV,,,No,Abdala,No,Beijing CNBG - BBIBP-CorV,No,No,No,No,No,No,No,No,No,No
Gambia,GMB,AFRO,REPORTING,26-07-2021,40810,30421,1.689,1.259,7355,0.304,10-03-2021,2,,,"Beijing CNBG - BBIBP-CorV,SII - Covishield",,,No,Abdala,No,Beijing CNBG - BBIBP-CorV,No,No,No,No,No,No,Covishield,No,No,No
Georgia,GEO,EURO,REPORTING,25-07-2021,399076,260053,10,6.519,139023,3.485,17-03-2021,4,,,"AstraZeneca - Vaxzevria,Beijing CNBG - BBIBP-CorV,Pfizer BioNTech - Comirnaty,Sinovac - CoronaVac",,,No,Abdala,AstraZeneca ,Beijing CNBG - BBIBP-CorV,No,No,No,No,No,Pfizer ,No,Sinovac,No,No
Germany,DEU,EURO,REPORTING,25-07-2021,89423523,50657861,107.5,60.911,38765662,49.416,23-12-2020,4,,,"AstraZeneca - Vaxzevria,Janssen - Ad26.COV 2.5,Moderna - mRNA-1273,Pfizer BioNTech - Comirnaty",,,No,Abdala,AstraZeneca ,No,No,No,Janssen - ,Moderna,No,Pfizer ,No,No,No,No
Ghana,GHA,AFRO,REPORTING,26-07-2021,1271393,865422,4.092,2.785,405971,1.307,02-03-2021,2,,,"Gamaleya - Sputnik V,SII - Covishield",,,No,Abdala,No,No,No,Sputnik V,No,No,No,No,Covishield,No,No,No
Gibraltar,GIB,EURO,OWID,26-07-2021,78406,39329,232.721,116.734,39077,115.986,,1,,,Pfizer BioNTech - Comirnaty,,,No,Abdala,No,No,No,No,No,No,No,Pfizer ,No,No,No,No
Greece,GRC,EURO,REPORTING,25-07-2021,10127435,5568404,94.5,51.951,4559031,45.509,23-12-2020,4,,,"AstraZeneca - Vaxzevria,Janssen - Ad26.COV 2.5,Moderna - mRNA-1273,Pfizer BioNTech - Comirnaty",,,No,Abdala,AstraZeneca ,No,No,No,Janssen - ,Moderna,No,Pfizer ,No,No,No,No
Greenland,GRL,EURO,OWID,27-07-2021,57767,35375,101.753,62.311,22392,39.442,,1,,,Moderna - mRNA-1273,,,No,Abdala,No,No,No,No,No,Moderna,No,No,No,No,No,No
Grenada,GRD,AMRO,REPORTING,23-07-2021,36524,21014,32.459,18.675,15510,13.784,15-02-2021,2,,,"AstraZeneca - Vaxzevria,SII - Covishield",,,No,Abdala,AstraZeneca ,No,No,No,No,No,No,No,Covishield,No,No,No
Guadeloupe,GLP,AMRO,REPORTING,23-07-2021,124136,75781,31.024,18.939,48355,12.085,08-01-2021,5,,,"AstraZeneca - Vaxzevria,Moderna - mRNA-1273,Pfizer BioNTech - Comirnaty",,,No,Abdala,AstraZeneca ,No,No,No,No,Moderna,No,Pfizer ,No,No,No,No
Guam,GUM,WPRO,REPORTING,26-07-2021,198152,106778,117.406,63.266,96795,57.352,04-01-2021,3,,,"Janssen - Ad26.COV 2.5,Moderna - mRNA-1273,Pfizer BioNTech - Comirnaty",,,No,Abdala,No,No,No,No,Janssen - ,Moderna,No,Pfizer ,No,No,No,No
Guatemala,GTM,AMRO,REPORTING,23-07-2021,1462767,1176331,8.165,6.566,286436,1.599,25-02-2021,4,,,"AstraZeneca - Vaxzevria,Gamaleya - Sputnik V,Moderna - mRNA-1273,SII - Covishield",,,No,Abdala,AstraZeneca ,No,No,Sputnik V,No,Moderna,No,No,Covishield,No,No,No
Guernsey,GGY,EURO,OWID,27-07-2021,91723,,142.277,,,,,3,,,"Moderna - mRNA-1273, AstraZeneca - AZD1222, Pfizer BioNTech - Comirnaty",,,No,Abdala,No,No,No,No,No,Moderna,No,Pfizer ,No,No,No,No
Guinea,GIN,AFRO,REPORTING,26-07-2021,794105,508327,6.047,3.871,285778,2.176,05-03-2021,6,,,"Beijing CNBG - BBIBP-CorV,Gamaleya - Sputnik V,Janssen - Ad26.COV 2.5,Pfizer BioNTech - Comirnaty,SII - Covishield,Sinovac - CoronaVac",,,No,Abdala,No,Beijing CNBG - BBIBP-CorV,No,Sputnik V,Janssen - ,No,No,Pfizer ,Covishield,Sinovac,No,No
Guinea-Bissau,GNB,AFRO,REPORTING,26-07-2021,25225,24085,1.282,1.224,1787,0.091,02-04-2021,2,,,"Beijing CNBG - BBIBP-CorV,SII - Covishield",,,No,Abdala,No,Beijing CNBG - BBIBP-CorV,No,No,No,No,No,No,Covishield,No,No,No
Guyana,GUY,AMRO,REPORTING,23-07-2021,373726,244365,47.514,31.068,129361,16.447,11-02-2021,4,,,"AstraZeneca - Vaxzevria,Beijing CNBG - BBIBP-CorV,Gamaleya - Sputnik V,SII - Covishield",,,No,Abdala,AstraZeneca ,Beijing CNBG - BBIBP-CorV,No,Sputnik V,No,No,No,No,Covishield,No,No,No
Haiti,HTI,AMRO,REPORTING,23-07-2021,2198,2198,0.019,0.019,341,0.003,,2,,,"Janssen - Ad26.COV 2.5,Moderna - mRNA-1273",,,No,Abdala,No,No,No,No,Janssen - ,Moderna,No,No,No,No,No,No
Honduras,HND,AMRO,REPORTING,23-07-2021,1578725,1405676,15.939,14.192,173364,1.75,26-02-2021,6,,,"AstraZeneca - Vaxzevria,Gamaleya - Sputnik V,Janssen - Ad26.COV 2.5,Moderna - mRNA-1273,Pfizer BioNTech - Comirnaty,SII - Covishield",,,No,Abdala,AstraZeneca ,No,No,Sputnik V,Janssen - ,Moderna,No,Pfizer ,Covishield,No,No,No
Hungary,HUN,EURO,REPORTING,25-07-2021,10366218,5350566,106.1,54.768,5015652,52.499,23-12-2020,7,,,"AstraZeneca - Vaxzevria,Beijing CNBG - BBIBP-CorV,Gamaleya - Sputnik V,Janssen - Ad26.COV 2.5,Moderna - mRNA-1273,Pfizer BioNTech - Comirnaty,Sinovac - CoronaVac",,,No,Abdala,AstraZeneca ,Beijing CNBG - BBIBP-CorV,No,Sputnik V,Janssen - ,Moderna,No,Pfizer ,No,Sinovac,No,No
Iceland,ISL,EURO,REPORTING,25-07-2021,447347,256477,122.9,70.435,190870,66.959,30-12-2020,4,,,"AstraZeneca - Vaxzevria,Janssen - Ad26.COV 2.5,Moderna - mRNA-1273,Pfizer BioNTech - Comirnaty",,,No,Abdala,AstraZeneca ,No,No,No,Janssen - ,Moderna,No,Pfizer ,No,No,No,No
India,IND,SEARO,REPORTING,27-07-2021,441912395,346516149,32.023,25.11,95396246,6.913,16-01-2021,3,,,"Bharat - Covaxin,Gamaleya - Sputnik V,SII - Covishield",,,No,Abdala,No,No,No,Sputnik V,No,No,No,No,Covishield,No,No,No
Indonesia,IDN,SEARO,REPORTING,27-07-2021,64391434,45534183,23.541,16.647,18857251,6.894,13-01-2021,4,,,"AstraZeneca - Vaxzevria,Beijing CNBG - BBIBP-CorV,Moderna - mRNA-1273,Sinovac - CoronaVac",,,No,Abdala,AstraZeneca ,Beijing CNBG - BBIBP-CorV,No,No,No,Moderna,No,No,No,Sinovac,No,No
Iran (Islamic Republic of),IRN,EMRO,REPORTING,26-07-2021,10168674,7741936,12.107,9.217,2426738,2.889,09-02-2021,4,,,"AstraZeneca - Vaxzevria,Beijing CNBG - BBIBP-CorV,Bharat - Covaxin,Gamaleya - Sputnik V",,,No,Abdala,AstraZeneca ,Beijing CNBG - BBIBP-CorV,No,Sputnik V,No,No,No,No,No,No,No,No
Iraq,IRQ,EMRO,REPORTING,05-07-2021,1087866,699325,2.705,1.739,388541,0.966,02-03-2021,4,,,"AstraZeneca - Vaxzevria,Beijing CNBG - BBIBP-CorV,Gamaleya - Sputnik V,Pfizer BioNTech - Comirnaty",,,No,Abdala,AstraZeneca ,Beijing CNBG - BBIBP-CorV,No,Sputnik V,No,No,No,Pfizer ,No,No,No,No
Ireland,IRL,EURO,REPORTING,25-07-2021,5550996,3147656,111.8,63.404,2403340,52.334,30-12-2020,4,,,"AstraZeneca - Vaxzevria,Janssen - Ad26.COV 2.5,Moderna - mRNA-1273,Pfizer BioNTech - Comirnaty",,,No,Abdala,AstraZeneca ,No,No,No,Janssen - ,Moderna,No,Pfizer ,No,No,No,No
Isle of Man,IMN,EURO,OWID,27-07-2021,122556,64756,144.129,76.155,57800,67.974,,2,,,"AstraZeneca - AZD1222, Pfizer BioNTech - Comirnaty",,,No,Abdala,No,No,No,No,No,No,No,Pfizer ,No,No,No,No
Israel,ISR,EURO,REPORTING,25-07-2021,11051469,5760062,127.7,66.548,5291407,61.133,16-12-2020,2,,,"Moderna - mRNA-1273,Pfizer BioNTech - Comirnaty",,,No,Abdala,No,No,No,No,No,Moderna,No,Pfizer ,No,No,No,No
Italy,ITA,EURO,REPORTING,25-07-2021,64073750,36528765,107.4,61.252,27542430,48.391,23-12-2020,4,,,"AstraZeneca - Vaxzevria,Janssen - Ad26.COV 2.5,Moderna - mRNA-1273,Pfizer BioNTech - Comirnaty",,,No,Abdala,AstraZeneca ,No,No,No,Janssen - ,Moderna,No,Pfizer ,No,No,No,No
Jamaica,JAM,AMRO,REPORTING,23-07-2021,300902,178728,10.162,6.036,122174,4.126,10-03-2021,2,,,"AstraZeneca - Vaxzevria,SII - Covishield",,,No,Abdala,AstraZeneca ,No,No,No,No,No,No,No,Covishield,No,No,No
Japan,JPN,WPRO,REPORTING,26-07-2021,79383659,46911901,62.766,37.091,32471758,25.674,17-02-2021,4,,,"AstraZeneca - Vaxzevria,Moderna - mRNA-1273,Novavax - Covavax,Pfizer BioNTech - Comirnaty",,,No,Abdala,AstraZeneca ,No,No,No,No,Moderna,Novavx,Pfizer ,No,No,No,No
Jersey,JEY,EURO,OWID,21-07-2021,137530,73568,127.584,68.247,63962,59.336,,3,,,"Moderna - mRNA-1273, AstraZeneca - AZD1222, Pfizer BioNTech - Comirnaty",,,No,Abdala,No,No,No,No,No,Moderna,No,Pfizer ,No,No,No,No
Jordan,JOR,EMRO,REPORTING,26-07-2021,4949862,2829438,48.513,27.731,2120424,20.782,13-01-2021,6,,,"AstraZeneca - Vaxzevria,Beijing CNBG - BBIBP-CorV,Gamaleya - Sputnik V,Janssen - Ad26.COV 2.5,Moderna - mRNA-1273,Pfizer BioNTech - Comirnaty",,,No,Abdala,AstraZeneca ,Beijing CNBG - BBIBP-CorV,No,Sputnik V,Janssen - ,Moderna,No,Pfizer ,No,No,No,No
Kazakhstan,KAZ,EURO,REPORTING,25-07-2021,7517061,4531219,40,24.132,2985842,15.902,10-03-2021,4,,,"Beijing CNBG - BBIBP-CorV,Gamaleya - Sputnik V,RIBSP - QazCovid,Sinovac - CoronaVac",,,No,Abdala,No,Beijing CNBG - BBIBP-CorV,No,Sputnik V,No,No,No,No,No,Sinovac,No,No
Kenya,KEN,AFRO,REPORTING,26-07-2021,1673272,1047592,3.112,1.948,625680,1.164,05-03-2021,1,,,SII - Covishield,,,No,Abdala,No,No,No,No,No,No,No,No,Covishield,No,No,No
Kiribati,KIR,WPRO,REPORTING,26-05-2021,0,0,0.001,0.001,0,0.001,26-05-2021,1,,,AstraZeneca - Vaxzevria,,,No,Abdala,AstraZeneca ,No,No,No,No,No,No,No,No,No,No,No
Kosovo,XKX,EURO,REPORTING,04-07-2021,219788,177261,12.2,9.872,42527,2.368,,1,,,AstraZeneca - AZD1222,,,No,Abdala,No,No,No,No,No,No,No,No,No,No,No,No
Kuwait,KWT,EMRO,REPORTING,28-04-2021,1120000,,26.226,,,,28-12-2020,5,,,"AstraZeneca - Vaxzevria,Beijing CNBG - BBIBP-CorV,Janssen - Ad26.COV 2.5,Moderna - mRNA-1273,Pfizer BioNTech - Comirnaty",,,No,Abdala,AstraZeneca ,Beijing CNBG - BBIBP-CorV,No,No,Janssen - ,Moderna,No,Pfizer ,No,No,No,No
Kyrgyzstan,KGZ,EURO,OWID,09-06-2021,54101,,0.8,,,,28-04-2021,2,,,"Beijing CNBG - BBIBP-CorV,Gamaleya - Sputnik V",,,No,Abdala,No,Beijing CNBG - BBIBP-CorV,No,Sputnik V,No,No,No,No,No,No,No,No
Lao People's Democratic Republic,LAO,WPRO,REPORTING,17-07-2021,1777140,1050818,24.426,14.443,726322,9.983,25-11-2020,6,,,"Beijing CNBG - BBIBP-CorV,Gamaleya - Sputnik V,Janssen - Ad26.COV 2.5,Pfizer BioNTech - Comirnaty,SII - Covishield,Sinovac - CoronaVac",,,No,Abdala,No,Beijing CNBG - BBIBP-CorV,No,Sputnik V,Janssen - ,No,No,Pfizer ,Covishield,Sinovac,No,No
Latvia,LVA,EURO,REPORTING,25-07-2021,1233472,684472,64.7,35.88,549000,33.594,30-12-2020,4,,,"AstraZeneca - Vaxzevria,Janssen - Ad26.COV 2.5,Moderna - mRNA-1273,Pfizer BioNTech - Comirnaty",,,No,Abdala,AstraZeneca ,No,No,No,Janssen - ,Moderna,No,Pfizer ,No,No,No,No
Lebanon,LBN,EMRO,REPORTING,26-07-2021,1831601,1086413,26.835,15.917,744211,10.903,14-02-2021,4,,,"AstraZeneca - Vaxzevria,Beijing CNBG - BBIBP-CorV,Gamaleya - Sputnik V,Pfizer BioNTech - Comirnaty",,,No,Abdala,AstraZeneca ,Beijing CNBG - BBIBP-CorV,No,Sputnik V,No,No,No,Pfizer ,No,No,No,No
Lesotho,LSO,AFRO,REPORTING,26-07-2021,72948,36637,3.405,1.71,32181,1.502,10-03-2021,1,,,SII - Covishield,,,No,Abdala,No,No,No,No,No,No,No,No,Covishield,No,No,No
Liberia,LBR,AFRO,REPORTING,26-07-2021,95423,86288,1.887,1.706,9135,0.181,01-04-2021,1,,,SII - Covishield,,,No,Abdala,No,No,No,No,No,No,No,No,Covishield,No,No,No
Libya,LBY,EMRO,REPORTING,28-07-2021,546745,546745,7.957,7.957,0,0,11-04-2021,6,,,"AstraZeneca - Vaxzevria,Gamaleya - Sputnik V,Janssen - Ad26.COV 2.5,Moderna - mRNA-1273,Pfizer BioNTech - Comirnaty,Sinovac - CoronaVac",,,No,Abdala,AstraZeneca ,No,No,Sputnik V,Janssen - ,Moderna,No,Pfizer ,No,Sinovac,No,No
Liechtenstein,LIE,OTHER,OWID,26-07-2021,39205,20630,101.182,53.243,18852,48.654,,2,,,"Moderna - mRNA-1273, Pfizer BioNTech - Comirnaty",,,No,Abdala,No,No,No,No,No,Moderna,No,Pfizer ,No,No,No,No
Lithuania,LTU,EURO,REPORTING,25-07-2021,2388085,1298497,85.5,46.473,1089588,41.653,23-12-2020,4,,,"AstraZeneca - Vaxzevria,Janssen - Ad26.COV 2.5,Moderna - mRNA-1273,Pfizer BioNTech - Comirnaty",,,No,Abdala,AstraZeneca ,No,No,No,Janssen - ,Moderna,No,Pfizer ,No,No,No,No
Luxembourg,LUX,EURO,REPORTING,25-07-2021,685081,391173,109.4,62.477,293908,52.178,30-12-2020,4,,,"AstraZeneca - Vaxzevria,Janssen - Ad26.COV 2.5,Moderna - mRNA-1273,Pfizer BioNTech - Comirnaty",,,No,Abdala,AstraZeneca ,No,No,No,Janssen - ,Moderna,No,Pfizer ,No,No,No,No
Madagascar,MDG,AFRO,REPORTING,26-07-2021,197001,197001,0.711,0.711,,,10-05-2021,1,,,SII - Covishield,,,No,Abdala,No,No,No,No,No,No,No,No,Covishield,No,No,No
Malawi,MWI,AFRO,REPORTING,26-07-2021,492390,385242,2.574,2.014,43165,0.226,11-03-2021,1,,,SII - Covishield,,,No,Abdala,No,No,No,No,No,No,No,No,Covishield,No,No,No
Malaysia,MYS,WPRO,REPORTING,16-07-2021,16024916,10920862,49.512,33.742,5104054,15.77,24-02-2021,5,,,"AstraZeneca - Vaxzevria,CanSino - Ad5-nCOV,Gamaleya - Sputnik V,Pfizer BioNTech - Comirnaty,Sinovac - CoronaVac",,,No,Abdala,AstraZeneca ,No,CanSino ,Sputnik V,No,No,No,Pfizer ,No,Sinovac,No,No
Maldives,MDV,SEARO,REPORTING,26-07-2021,583034,321429,107.861,59.464,261605,48.397,01-02-2021,8,,,"AstraZeneca - Vaxzevria,Beijing CNBG - BBIBP-CorV,Gamaleya - Sputnik V,Janssen - Ad26.COV 2.5,Moderna - mRNA-1273,Pfizer BioNTech - Comirnaty,SII - Covishield,Sinovac - CoronaVac",,,No,Abdala,AstraZeneca ,Beijing CNBG - BBIBP-CorV,No,Sputnik V,Janssen - ,Moderna,No,Pfizer ,Covishield,Sinovac,No,No
Mali,MLI,AFRO,REPORTING,26-07-2021,196862,145016,0.972,0.716,51846,0.256,31-03-2021,1,,,SII - Covishield,,,No,Abdala,No,No,No,No,No,No,No,No,Covishield,No,No,No
Malta,MLT,EURO,REPORTING,25-07-2021,726573,370416,141.2,71.986,356157,71.291,23-12-2020,4,,,"AstraZeneca - Vaxzevria,Janssen - Ad26.COV 2.5,Moderna - mRNA-1273,Pfizer BioNTech - Comirnaty",,,No,Abdala,AstraZeneca ,No,No,No,Janssen - ,Moderna,No,Pfizer ,No,No,No,No
Marshall Islands,MHL,WPRO,REPORTING,26-07-2021,35697,19774,60.305,33.405,17102,28.891,29-12-2020,3,,,"Janssen - Ad26.COV 2.5,Moderna - mRNA-1273,Pfizer BioNTech - Comirnaty",,,No,Abdala,No,No,No,No,Janssen - ,Moderna,No,Pfizer ,No,No,No,No
Martinique,MTQ,AMRO,REPORTING,23-07-2021,111489,61227,29.709,16.316,50262,13.394,,1,,,Pfizer BioNTech - Comirnaty,,,No,Abdala,No,No,No,No,No,No,No,Pfizer ,No,No,No,No
Mauritania,MRT,AFRO,REPORTING,26-07-2021,192094,177259,4.131,3.812,14835,0.319,26-03-2021,2,,,"Beijing CNBG - BBIBP-CorV,SII - Covishield",,,No,Abdala,No,Beijing CNBG - BBIBP-CorV,No,No,No,No,No,No,Covishield,No,No,No
Mauritius,MUS,AFRO,REPORTING,26-07-2021,1156482,634013,90.935,49.853,522469,41.082,26-01-2021,3,,,"Beijing CNBG - BBIBP-CorV,Bharat - Covaxin,SII - Covishield",,,No,Abdala,No,Beijing CNBG - BBIBP-CorV,No,No,No,No,No,No,Covishield,No,No,No
Mexico,MEX,AMRO,REPORTING,23-07-2021,56872930,39725060,44.111,30.811,22613981,17.539,,6,,,"AstraZeneca - Vaxzevria,CanSino - Ad5-nCOV,Gamaleya - Sputnik V,Janssen - Ad26.COV 2.5,Pfizer BioNTech - Comirnaty,Sinovac - CoronaVac",,,No,Abdala,AstraZeneca ,No,CanSino ,Sputnik V,Janssen - ,No,No,Pfizer ,No,Sinovac,No,No
Micronesia (Federated States of),FSM,WPRO,REPORTING,26-07-2021,54547,32678,47.423,28.41,28683,24.937,13-01-2021,4,,,"AstraZeneca - Vaxzevria,Janssen - Ad26.COV 2.5,Moderna - mRNA-1273,Pfizer BioNTech - Comirnaty",,,No,Abdala,AstraZeneca ,No,No,No,Janssen - ,Moderna,No,Pfizer ,No,No,No,No
Monaco,MCO,EURO,OWID,22-07-2021,39790,21144,101.4,53.878,,47.513,30-06-2021,1,,,Pfizer BioNTech - Comirnaty,,,No,Abdala,No,No,No,No,No,No,No,Pfizer ,No,No,No,No
Mongolia,MNG,WPRO,REPORTING,23-07-2021,4047452,2131213,123.462,65.01,1916239,58.452,23-02-2021,6,,,"AstraZeneca - Vaxzevria,Beijing CNBG - BBIBP-CorV,Gamaleya - Sputnik V,Moderna - mRNA-1273,Pfizer BioNTech - Comirnaty,SII - Covishield",,,No,Abdala,AstraZeneca ,Beijing CNBG - BBIBP-CorV,No,Sputnik V,No,Moderna,No,Pfizer ,Covishield,No,No,No
Montenegro,MNE,EURO,REPORTING,25-07-2021,299502,167609,47.7,26.687,131893,21,24-02-2021,4,,,"AstraZeneca - Vaxzevria,Beijing CNBG - BBIBP-CorV,Gamaleya - Sputnik V,Pfizer BioNTech - Comirnaty",,,No,Abdala,AstraZeneca ,Beijing CNBG - BBIBP-CorV,No,Sputnik V,No,No,No,Pfizer ,No,No,No,No
Montserrat,MSR,AMRO,REPORTING,23-07-2021,2730,1439,54.611,28.786,1291,25.825,08-02-2021,1,,,AstraZeneca - Vaxzevria,,,No,Abdala,AstraZeneca ,No,No,No,No,No,No,No,No,No,No,No
Morocco,MAR,EMRO,REPORTING,27-07-2021,21926072,12061160,59.403,32.677,9864912,26.727,28-01-2021,4,,,"AstraZeneca - Vaxzevria,Beijing CNBG - BBIBP-CorV,Gamaleya - Sputnik V,Janssen - Ad26.COV 2.5",,,No,Abdala,AstraZeneca ,Beijing CNBG - BBIBP-CorV,No,Sputnik V,Janssen - ,No,No,No,No,No,No,No
Mozambique,MOZ,AFRO,REPORTING,26-07-2021,691040,372085,2.211,1.19,318955,1.02,08-03-2021,2,,,"Beijing CNBG - BBIBP-CorV,SII - Covishield",,,No,Abdala,No,Beijing CNBG - BBIBP-CorV,No,No,No,No,No,No,Covishield,No,No,No
Myanmar,MMR,SEARO,REPORTING,05-06-2021,3368042,1840758,6.19,3.383,1527284,2.807,27-01-2021,2,,,"Beijing CNBG - BBIBP-CorV,SII - Covishield",,,No,Abdala,No,Beijing CNBG - BBIBP-CorV,No,No,No,No,No,No,Covishield,No,No,No
Namibia,NAM,AFRO,REPORTING,26-07-2021,170973,136189,6.729,5.36,34787,1.369,19-03-2021,2,,,"Beijing CNBG - BBIBP-CorV,SII - Covishield",,,No,Abdala,No,Beijing CNBG - BBIBP-CorV,No,No,No,No,No,No,Covishield,No,No,No
Nauru,NRU,WPRO,REPORTING,16-07-2021,14784,7533,136.459,69.531,7251,66.928,09-04-2021,2,,,"AstraZeneca - Vaxzevria,SII - Covishield",,,No,Abdala,AstraZeneca ,No,No,No,No,No,No,No,Covishield,No,No,No
Nepal,NPL,SEARO,REPORTING,25-07-2021,4453496,3309972,15.285,11.36,1143524,3.925,27-01-2021,6,,,"AstraZeneca - Vaxzevria,Beijing CNBG - BBIBP-CorV,Bharat - Covaxin,Gamaleya - Sputnik V,Janssen - Ad26.COV 2.5,SII - Covishield",,,No,Abdala,AstraZeneca ,Beijing CNBG - BBIBP-CorV,No,Sputnik V,Janssen - ,No,No,No,Covishield,No,No,No
Netherlands,NLD,EURO,REPORTING,25-07-2021,19751575,11855109,113.5,68.103,7896466,49.733,06-01-2021,4,,,"AstraZeneca - Vaxzevria,Janssen - Ad26.COV 2.5,Moderna - mRNA-1273,Pfizer BioNTech - Comirnaty",,,No,Abdala,AstraZeneca ,No,No,No,Janssen - ,Moderna,No,Pfizer ,No,No,No,No
New Caledonia,NCL,WPRO,REPORTING,27-07-2021,127792,67314,44.761,23.578,60478,21.183,20-01-2021,1,,,Pfizer BioNTech - Comirnaty,,,No,Abdala,No,No,No,No,No,No,No,Pfizer ,No,No,No,No
New Zealand,NZL,WPRO,REPORTING,23-07-2021,1651069,985563,34.239,20.438,665506,13.801,19-02-2021,4,,,"AstraZeneca - Vaxzevria,Janssen - Ad26.COV 2.5,Novavax - Covavax,Pfizer BioNTech - Comirnaty",,,No,Abdala,AstraZeneca ,No,No,No,Janssen - ,No,Novavx,Pfizer ,No,No,No,No
Nicaragua,NIC,AMRO,REPORTING,23-07-2021,415640,252766,6.274,3.816,162874,2.459,02-03-2021,2,,,"Gamaleya - Sputnik V,SII - Covishield",,,No,Abdala,No,No,No,Sputnik V,No,No,No,No,Covishield,No,No,No
Niger,NER,AFRO,REPORTING,26-07-2021,401133,343170,1.657,1.418,57963,0.239,29-03-2021,2,,,"Beijing CNBG - BBIBP-CorV,SII - Covishield",,,No,Abdala,No,Beijing CNBG - BBIBP-CorV,No,No,No,No,No,No,Covishield,No,No,No
Nigeria,NGA,AFRO,REPORTING,26-07-2021,3938945,2546599,1.911,1.235,1416406,0.687,05-03-2021,1,,,SII - Covishield,,,No,Abdala,No,No,No,No,No,No,No,No,Covishield,No,No,No
Niue,NIU,WPRO,REPORTING,16-07-2021,2406,1186,148.702,73.3,,,08-06-2021,1,,,Pfizer BioNTech - Comirnaty,,,No,Abdala,No,No,No,No,No,No,No,Pfizer ,No,No,No,No
North Macedonia,MKD,EURO,REPORTING,25-07-2021,812684,477567,39,22.923,335117,16.085,17-02-2021,6,,,"AstraZeneca - Vaxzevria,Beijing CNBG - BBIBP-CorV,Gamaleya - Sputnik V,Pfizer BioNTech - Comirnaty,Sinovac - CoronaVac,Wuhan CNBG - Inactivated",,,No,Abdala,AstraZeneca ,Beijing CNBG - BBIBP-CorV,No,Sputnik V,No,No,No,Pfizer ,No,Sinovac,No,Wuhan CNBG
Northern Mariana Islands (Commonwealth of the),MNP,WPRO,REPORTING,23-07-2021,60794,31756,105.624,55.173,29562,51.361,19-12-2020,3,,,"Janssen - Ad26.COV 2.5,Moderna - mRNA-1273,Pfizer BioNTech - Comirnaty",,,No,Abdala,No,No,No,No,Janssen - ,Moderna,No,Pfizer ,No,No,No,No
Norway,NOR,EURO,REPORTING,25-07-2021,4906228,3317778,91.4,61.811,1588450,29.634,31-03-2021,4,,,"AstraZeneca - Vaxzevria,Janssen - Ad26.COV 2.5,Moderna - mRNA-1273,Pfizer BioNTech - Comirnaty",,,No,Abdala,AstraZeneca ,No,No,No,Janssen - ,Moderna,No,Pfizer ,No,No,No,No
occupied Palestinian territory,PSE,EMRO,REPORTING,19-07-2021,973241,572186,19.078,11.216,401055,7.862,02-02-2021,7,,,"AstraZeneca - Vaxzevria,Beijing CNBG - BBIBP-CorV,Gamaleya - Sputnik V,Janssen - Ad26.COV 2.5,Moderna - mRNA-1273,Pfizer BioNTech - Comirnaty,Sinovac - CoronaVac",,,No,Abdala,AstraZeneca ,Beijing CNBG - BBIBP-CorV,No,Sputnik V,Janssen - ,Moderna,No,Pfizer ,No,Sinovac,No,No
Oman,OMN,EMRO,REPORTING,25-07-2021,1887421,1550910,36.96,30.371,337002,6.599,29-12-2020,5,,,"AstraZeneca - Vaxzevria,Gamaleya - Sputnik V,Pfizer BioNTech - Comirnaty,SII - Covishield,Sinovac - CoronaVac",,,No,Abdala,AstraZeneca ,No,No,Sputnik V,No,No,No,Pfizer ,Covishield,Sinovac,No,No
Pakistan,PAK,EMRO,REPORTING,26-07-2021,25248858,20060157,11.43,9.081,5188701,2.349,03-02-2021,8,,,"Beijing CNBG - BBIBP-CorV,Bharat - Covaxin,CanSino - Ad5-nCOV,Gamaleya - Sputnik V,Moderna - mRNA-1273,Pfizer BioNTech - Comirnaty,SII - Covishield,Sinovac - CoronaVac",,,No,Abdala,No,Beijing CNBG - BBIBP-CorV,CanSino ,Sputnik V,No,Moderna,No,Pfizer ,Covishield,Sinovac,No,No
Palau,PLW,WPRO,REPORTING,26-07-2021,25584,14373,141.411,79.444,13356,73.823,03-01-2021,2,,,"Janssen - Ad26.COV 2.5,Moderna - mRNA-1273",,,No,Abdala,No,No,No,No,Janssen - ,Moderna,No,No,No,No,No,No
Panama,PAN,AMRO,REPORTING,23-07-2021,1983864,1305681,45.978,30.261,678183,15.718,20-01-2021,2,,,"AstraZeneca - Vaxzevria,Pfizer BioNTech - Comirnaty",,,No,Abdala,AstraZeneca ,No,No,No,No,No,No,Pfizer ,No,No,No,No
Papua New Guinea,PNG,WPRO,REPORTING,25-07-2021,88343,78399,0.987,0.876,9944,0.111,30-03-2021,3,,,"AstraZeneca - Vaxzevria,Beijing CNBG - BBIBP-CorV,SII - Covishield",,,No,Abdala,AstraZeneca ,Beijing CNBG - BBIBP-CorV,No,No,No,No,No,No,Covishield,No,No,No
Paraguay,PRY,AMRO,REPORTING,23-07-2021,2016734,1769429,28.275,24.808,247305,3.467,22-02-2021,7,,,"AstraZeneca - Vaxzevria,Beijing CNBG - BBIBP-CorV,Bharat - Covaxin,Gamaleya - Sputnik V,Moderna - mRNA-1273,Pfizer BioNTech - Comirnaty,Sinovac - CoronaVac",,,No,Abdala,AstraZeneca ,Beijing CNBG - BBIBP-CorV,No,Sputnik V,No,Moderna,No,Pfizer ,No,Sinovac,No,No
Peru,PER,AMRO,REPORTING,23-07-2021,11326135,7108859,34.351,21.56,4217276,12.791,09-02-2021,4,,,"AstraZeneca - Vaxzevria,Beijing CNBG - BBIBP-CorV,Pfizer BioNTech - Comirnaty,Wuhan CNBG - Inactivated",,,No,Abdala,AstraZeneca ,Beijing CNBG - BBIBP-CorV,No,No,No,No,No,Pfizer ,No,No,No,Wuhan CNBG
Philippines,PHL,WPRO,REPORTING,26-07-2021,67677,67383,0.062,0.061,294,0,01-03-2021,9,,,"AstraZeneca - Vaxzevria,Beijing CNBG - BBIBP-CorV,Bharat - Covaxin,Gamaleya - Sputnik V,Janssen - Ad26.COV 2.5,Moderna - mRNA-1273,Novavax - Covavax,Pfizer BioNTech - Comirnaty,Sinovac - CoronaVac",,,No,Abdala,AstraZeneca ,Beijing CNBG - BBIBP-CorV,No,Sputnik V,Janssen - ,Moderna,Novavx,Pfizer ,No,Sinovac,No,No
Pitcairn Islands,PCN,WPRO,REPORTING,22-07-2021,73,37,146,74,36,72,17-05-2021,1,,,AstraZeneca - Vaxzevria,,,No,Abdala,AstraZeneca ,No,No,No,No,No,No,No,No,No,No,No
Poland,POL,EURO,REPORTING,25-07-2021,33842641,18111421,89.2,47.714,15731216,44.827,23-12-2020,4,,,"AstraZeneca - Vaxzevria,Janssen - Ad26.COV 2.5,Moderna - mRNA-1273,Pfizer BioNTech - Comirnaty",,,No,Abdala,AstraZeneca ,No,No,No,Janssen - ,Moderna,No,Pfizer ,No,No,No,No
Portugal,PRT,EURO,REPORTING,25-07-2021,11673713,6861155,113.4,66.647,4811748,52.324,23-12-2020,4,,,"AstraZeneca - Vaxzevria,Janssen - Ad26.COV 2.5,Moderna - mRNA-1273,Pfizer BioNTech - Comirnaty",,,No,Abdala,AstraZeneca ,No,No,No,Janssen - ,Moderna,No,Pfizer ,No,No,No,No
Puerto Rico,PRI,AMRO,REPORTING,23-07-2021,3933628,2155752,137.498,75.353,1890335,66.076,,3,,,"Janssen - Ad26.COV 2.5,Moderna - mRNA-1273,Pfizer BioNTech - Comirnaty",,,No,Abdala,No,No,No,No,Janssen - ,Moderna,No,Pfizer ,No,No,No,No
Qatar,QAT,EMRO,REPORTING,29-07-2021,3730856,2028988,129.496,70.425,1701868,59.071,23-12-2020,4,,,"AstraZeneca - Vaxzevria,Janssen - Ad26.COV 2.5,Moderna - mRNA-1273,Pfizer BioNTech - Comirnaty",,,No,Abdala,AstraZeneca ,No,No,No,Janssen - ,Moderna,No,Pfizer ,No,No,No,No
Republic of Korea,KOR,WPRO,REPORTING,26-07-2021,22622058,16893124,44.124,32.95,6858656,13.378,26-02-2021,5,,,"AstraZeneca - Vaxzevria,Janssen - Ad26.COV 2.5,Moderna - mRNA-1273,Novavax - Covavax,Pfizer BioNTech - Comirnaty",,,No,Abdala,AstraZeneca ,No,No,No,Janssen - ,Moderna,Novavx,Pfizer ,No,No,No,No
Republic of Moldova,MDA,EURO,REPORTING,25-07-2021,960974,554365,23.8,13.742,406609,10.948,03-03-2021,6,,,"AstraZeneca - Vaxzevria,Beijing CNBG - BBIBP-CorV,Gamaleya - Sputnik V,Janssen - Ad26.COV 2.5,Pfizer BioNTech - Comirnaty,Sinovac - CoronaVac",,,No,Abdala,AstraZeneca ,Beijing CNBG - BBIBP-CorV,No,Sputnik V,Janssen - ,No,No,Pfizer ,No,Sinovac,No,No
Romania,ROU,EURO,REPORTING,25-07-2021,9322767,4946730,48.2,25.592,4376037,24.775,27-01-2021,4,,,"AstraZeneca - Vaxzevria,Janssen - Ad26.COV 2.5,Moderna - mRNA-1273,Pfizer BioNTech - Comirnaty",,,No,Abdala,AstraZeneca ,No,No,No,Janssen - ,Moderna,No,Pfizer ,No,No,No,No
Russian Federation,RUS,EURO,OWID,25-07-2021,52782888,32086928,36.2,21.987,,14.182,,2,,,"SRCVB - EpiVacCorona, Gamaleya - Sputnik V",,,No,Abdala,No,No,No,Sputnik V,No,No,No,No,No,No,No,No
Rwanda,RWA,AFRO,REPORTING,26-07-2021,398096,350400,3.074,2.705,53511,0.413,14-02-2021,3,,,"Moderna - mRNA-1273,Pfizer BioNTech - Comirnaty,SII - Covishield",,,No,Abdala,No,No,No,No,No,Moderna,No,Pfizer ,Covishield,No,No,No
Saba,XCA,AMRO,REPORTING,23-07-2021,1300,,67.253,,1300,67.253,,,,,,,,No,No,No,No,No,No,No,No,No,No,No,No,No,No
Saint Helena,SHN,AFRO,OWID,05-05-2021,7892,4361,129.995,71.833,3531,58.162,,1,,,AstraZeneca - AZD1222,,,No,Abdala,No,No,No,No,No,No,No,No,No,No,No,No
Saint Kitts and Nevis,KNA,AMRO,REPORTING,23-07-2021,43003,23535,80.845,44.245,19468,36.599,22-02-2021,2,,,"AstraZeneca - Vaxzevria,SII - Covishield",,,No,Abdala,AstraZeneca ,No,No,No,No,No,No,No,Covishield,No,No,No
Saint Lucia,LCA,AMRO,REPORTING,23-07-2021,55450,31842,30.197,17.341,23608,12.856,17-02-2021,2,,,"AstraZeneca - Vaxzevria,SII - Covishield",,,No,Abdala,AstraZeneca ,No,No,No,No,No,No,No,Covishield,No,No,No
Saint Vincent and the Grenadines,VCT,AMRO,REPORTING,23-07-2021,26606,15714,23.982,14.164,10892,9.818,01-02-2021,3,,,"AstraZeneca - Vaxzevria,Gamaleya - Sputnik V,SII - Covishield",,,No,Abdala,AstraZeneca ,No,No,Sputnik V,No,No,No,No,Covishield,No,No,No
Samoa,WSM,WPRO,REPORTING,27-07-2021,84413,61774,42.544,31.134,22639,11.41,18-04-2021,1,,,AstraZeneca - Vaxzevria,,,No,Abdala,AstraZeneca ,No,No,No,No,No,No,No,No,No,No,No
San Marino,SMR,EURO,REPORTING,25-07-2021,45138,23536,133,69.35,21602,63.651,24-02-2021,2,,,"Gamaleya - Sputnik V,Pfizer BioNTech - Comirnaty",,,No,Abdala,No,No,No,Sputnik V,No,No,No,Pfizer ,No,No,No,No
Sao Tome and Principe,STP,AFRO,REPORTING,26-07-2021,43960,32090,20.058,14.642,11870,5.416,15-03-2021,2,,,"AstraZeneca - Vaxzevria,SII - Covishield",,,No,Abdala,AstraZeneca ,No,No,No,No,No,No,No,Covishield,No,No,No
Saudi Arabia,SAU,EMRO,REPORTING,11-07-2021,19596394,17390499,56.289,49.953,2205895,6.336,06-01-2021,4,,,"AstraZeneca - Vaxzevria,Janssen - Ad26.COV 2.5,Moderna - mRNA-1273,Pfizer BioNTech - Comirnaty",,,No,Abdala,AstraZeneca ,No,No,No,Janssen - ,Moderna,No,Pfizer ,No,No,No,No
Senegal,SEN,AFRO,REPORTING,26-07-2021,906557,640013,5.414,3.822,276953,1.654,23-02-2021,2,,,"Beijing CNBG - BBIBP-CorV,SII - Covishield",,,No,Abdala,No,Beijing CNBG - BBIBP-CorV,No,No,No,No,No,No,Covishield,No,No,No
Serbia,SRB,EURO,REPORTING,25-07-2021,5470674,2803038,79,40.467,2667636,38.512,23-12-2020,4,,,"AstraZeneca - Vaxzevria,Beijing CNBG - BBIBP-CorV,Gamaleya - Sputnik V,Pfizer BioNTech - Comirnaty",,,No,Abdala,AstraZeneca ,Beijing CNBG - BBIBP-CorV,No,Sputnik V,No,No,No,Pfizer ,No,No,No,No
Seychelles,SYC,AFRO,REPORTING,26-07-2021,139625,71490,141.972,72.692,68135,69.28,10-01-2021,2,,,"Beijing CNBG - BBIBP-CorV,SII - Covishield",,,No,Abdala,No,Beijing CNBG - BBIBP-CorV,No,No,No,No,No,No,Covishield,No,No,No
Sierra Leone,SLE,AFRO,REPORTING,26-07-2021,156759,134330,1.965,1.684,22429,0.281,15-03-2021,2,,,"Beijing CNBG - BBIBP-CorV,SII - Covishield",,,No,Abdala,No,Beijing CNBG - BBIBP-CorV,No,No,No,No,No,No,Covishield,No,No,No
Singapore,SGP,WPRO,REPORTING,24-07-2021,7013781,4230379,119.887,72.31,3020766,51.634,30-12-2020,3,,,"AstraZeneca - Vaxzevria,Moderna - mRNA-1273,Pfizer BioNTech - Comirnaty",,,No,Abdala,AstraZeneca ,No,No,No,No,Moderna,No,Pfizer ,No,No,No,No
Sint Eustatius,XBA,AMRO,REPORTING,23-07-2021,2536,1325,80.79,42.211,1211,38.579,,,,,,,,No,No,No,No,No,No,No,No,No,No,No,No,No,No
Sint Maarten,SXM,AMRO,REPORTING,23-07-2021,44042,23885,102.705,55.699,20157,47.006,22-02-2021,3,,,"AstraZeneca - Vaxzevria,Moderna - mRNA-1273,Pfizer BioNTech - Comirnaty",,,No,Abdala,AstraZeneca ,No,No,No,No,Moderna,No,Pfizer ,No,No,No,No
Slovakia,SVK,EURO,REPORTING,25-07-2021,4040711,2131852,74,39.06,1908859,35.435,06-01-2021,5,,,"AstraZeneca - Vaxzevria,Gamaleya - Sputnik V,Janssen - Ad26.COV 2.5,Moderna - mRNA-1273,Pfizer BioNTech - Comirnaty",,,No,Abdala,AstraZeneca ,No,No,Sputnik V,Janssen - ,Moderna,No,Pfizer ,No,No,No,No
Slovenia,SVN,EURO,REPORTING,25-07-2021,1596648,879827,76.2,41.979,716821,37.309,23-12-2020,4,,,"AstraZeneca - Vaxzevria,Janssen - Ad26.COV 2.5,Moderna - mRNA-1273,Pfizer BioNTech - Comirnaty",,,No,Abdala,AstraZeneca ,No,No,No,Janssen - ,Moderna,No,Pfizer ,No,No,No,No
Solomon Islands,SLB,WPRO,REPORTING,23-07-2021,40404,29429,5.882,4.284,10975,1.598,23-03-2021,3,,,"AstraZeneca - Vaxzevria,Beijing CNBG - BBIBP-CorV,SII - Covishield",,,No,Abdala,AstraZeneca ,Beijing CNBG - BBIBP-CorV,No,No,No,No,No,No,Covishield,No,No,No
Somalia,SOM,EMRO,REPORTING,11-07-2021,249790,162655,1.572,1.023,87135,0.548,16-03-2021,3,,,"Beijing CNBG - BBIBP-CorV,SII - Covishield,Sinovac - CoronaVac",,,No,Abdala,No,Beijing CNBG - BBIBP-CorV,No,No,No,No,No,No,Covishield,Sinovac,No,No
South Africa,ZAF,AFRO,REPORTING,26-07-2021,6384382,4072823,10.765,6.867,2311559,3.898,17-02-2021,1,,,Janssen - Ad26.COV 2.5,,,No,Abdala,No,No,No,No,Janssen - ,No,No,No,No,No,No,No
South Sudan,SSD,AFRO,REPORTING,26-07-2021,56989,52226,0.509,0.467,4763,0.043,06-04-2021,1,,,SII - Covishield,,,No,Abdala,No,No,No,No,No,No,No,No,Covishield,No,No,No
Spain,ESP,EURO,REPORTING,25-07-2021,54115158,30831706,114.3,65.138,23283452,52.92,30-12-2020,4,,,"AstraZeneca - Vaxzevria,Janssen - Ad26.COV 2.5,Moderna - mRNA-1273,Pfizer BioNTech - Comirnaty",,,No,Abdala,AstraZeneca ,No,No,No,Janssen - ,Moderna,No,Pfizer ,No,No,No,No
Sri Lanka,LKA,SEARO,REPORTING,27-07-2021,10119124,8232194,47.256,38.444,1886930,8.812,29-01-2021,5,,,"Beijing CNBG - BBIBP-CorV,Gamaleya - Sputnik V,Moderna - mRNA-1273,Pfizer BioNTech - Comirnaty,SII - Covishield",,,No,Abdala,No,Beijing CNBG - BBIBP-CorV,No,Sputnik V,No,Moderna,No,Pfizer ,Covishield,No,No,No
Sudan,SDN,EMRO,REPORTING,18-07-2021,810560,627833,1.849,1.432,182727,0.417,09-03-2021,4,,,"Beijing CNBG - BBIBP-CorV,Pfizer BioNTech - Comirnaty,SII - Covishield,Sinovac - CoronaVac",,,No,Abdala,No,Beijing CNBG - BBIBP-CorV,No,No,No,No,No,Pfizer ,Covishield,Sinovac,No,No
Suriname,SUR,AMRO,REPORTING,23-07-2021,232666,182342,39.661,31.083,50324,8.578,23-02-2021,3,,,"AstraZeneca - Vaxzevria,Beijing CNBG - BBIBP-CorV,SII - Covishield",,,No,Abdala,AstraZeneca ,Beijing CNBG - BBIBP-CorV,No,No,No,No,No,No,Covishield,No,No,No
Sweden,SWE,EURO,REPORTING,25-07-2021,10266947,6254753,99.4,60.564,4012194,38.849,23-12-2020,3,,,"AstraZeneca - Vaxzevria,Moderna - mRNA-1273,Pfizer BioNTech - Comirnaty",,,No,Abdala,AstraZeneca ,No,No,No,No,Moderna,No,Pfizer ,No,No,No,No
Switzerland,CHE,EURO,REPORTING,25-07-2021,8635177,4606028,99.8,53.22,4029149,46.555,23-12-2020,2,,,"Moderna - mRNA-1273,Pfizer BioNTech - Comirnaty",,,No,Abdala,No,No,No,No,No,Moderna,No,Pfizer ,No,No,No,No
Syrian Arab Republic,SYR,EMRO,REPORTING,09-07-2021,131221,121909,0.75,0.697,9312,0.053,01-04-2021,5,,,"Beijing CNBG - BBIBP-CorV,Gamaleya - Sputnik V,Janssen - Ad26.COV 2.5,SII - Covishield,Sinovac - CoronaVac",,,No,Abdala,No,Beijing CNBG - BBIBP-CorV,No,Sputnik V,Janssen - ,No,No,No,Covishield,Sinovac,No,No
Tajikistan,TJK,EURO,REPORTING,25-07-2021,492066,462542,5.2,4.85,29524,0.31,24-03-2021,3,,,"AstraZeneca - Vaxzevria,SII - Covishield,Sinovac - CoronaVac",,,No,Abdala,AstraZeneca ,No,No,No,No,No,No,No,Covishield,Sinovac,No,No
Thailand,THA,SEARO,REPORTING,25-07-2021,15960778,12307788,22.866,17.633,3652990,5.234,28-02-2021,6,,,"AstraZeneca - Vaxzevria,Beijing CNBG - BBIBP-CorV,Janssen - Ad26.COV 2.5,Moderna - mRNA-1273,SII - Covishield,Sinovac - CoronaVac",,,No,Abdala,AstraZeneca ,Beijing CNBG - BBIBP-CorV,No,No,Janssen - ,Moderna,No,No,Covishield,Sinovac,No,No
The United Kingdom,GBR,EURO,OWID,24-07-2021,82413766,46314039,121.4,68.223,,53.177,21-12-2020,3,,,"AstraZeneca - Vaxzevria,Moderna - mRNA-1273,Pfizer BioNTech - Comirnaty",,,No,Abdala,AstraZeneca ,No,No,No,No,Moderna,No,Pfizer ,No,No,No,No
Timor-Leste,TLS,SEARO,REPORTING,27-07-2021,363269,276510,27.553,20.972,86759,6.58,07-04-2021,3,,,"AstraZeneca - Vaxzevria,SII - Covishield,Sinovac - CoronaVac",,,No,Abdala,AstraZeneca ,No,No,No,No,No,No,No,Covishield,Sinovac,No,No
Togo,TGO,AFRO,REPORTING,26-07-2021,454208,304278,5.486,3.675,149930,1.811,10-03-2021,1,,,SII - Covishield,,,No,Abdala,No,No,No,No,No,No,No,No,Covishield,No,No,No
Tokelau,TKL,WPRO,REPORTING,26-07-2021,953,953,70.593,70.593,,,20-07-2021,1,,,Pfizer BioNTech - Comirnaty,,,No,Abdala,No,No,No,No,No,No,No,Pfizer ,No,No,No,No
Tonga,TON,WPRO,REPORTING,26-07-2021,45549,28790,43.095,27.239,16759,15.856,14-04-2021,1,,,AstraZeneca - Vaxzevria,,,No,Abdala,AstraZeneca ,No,No,No,No,No,No,No,No,No,No,No
Trinidad and Tobago,TTO,AMRO,REPORTING,23-07-2021,455365,279335,32.538,19.96,176030,12.578,17-02-2021,4,,,"AstraZeneca - Vaxzevria,Beijing CNBG - BBIBP-CorV,Pfizer BioNTech - Comirnaty,SII - Covishield",,,No,Abdala,AstraZeneca ,Beijing CNBG - BBIBP-CorV,No,No,No,No,No,Pfizer ,Covishield,No,No,No
Tunisia,TUN,EMRO,REPORTING,25-07-2021,2601452,1667446,22.011,14.109,934006,7.903,13-03-2021,5,,,"AstraZeneca - Vaxzevria,Gamaleya - Sputnik V,Janssen - Ad26.COV 2.5,Pfizer BioNTech - Comirnaty,Sinovac - CoronaVac",,,No,Abdala,AstraZeneca ,No,No,Sputnik V,Janssen - ,No,No,Pfizer ,No,Sinovac,No,No
Turkey,TUR,EURO,OWID,25-07-2021,63432446,38965125,75.2,46.201,,24.701,,2,,,"Pfizer BioNTech - Comirnaty, Sinovac - CoronaVac",,,No,Abdala,No,No,No,No,No,No,No,Pfizer ,No,Sinovac,No,No
Turkmenistan,TKM,EURO,REPORTING,04-04-2021,41993,32240,0.7,0.535,9753,0.162,24-02-2021,4,,,"AstraZeneca - Vaxzevria,Beijing CNBG - BBIBP-CorV,Gamaleya - Sputnik V,SRCVB - EpiVacCorona",,,No,Abdala,AstraZeneca ,Beijing CNBG - BBIBP-CorV,No,Sputnik V,No,No,No,No,No,No,No,No
Turks and Caicos Islands,TCA,AMRO,REPORTING,23-07-2021,47263,24567,122.07,63.451,22696,58.619,11-01-2021,1,,,Pfizer BioNTech - Comirnaty,,,No,Abdala,No,No,No,No,No,No,No,Pfizer ,No,No,No,No
Tuvalu,TUV,WPRO,REPORTING,22-06-2021,4772,4772,40.468,40.468,,,13-04-2021,1,,,AstraZeneca - Vaxzevria,,,No,Abdala,AstraZeneca ,No,No,No,No,No,No,No,No,No,No,No
Uganda,UGA,AFRO,REPORTING,26-07-2021,1058084,881645,2.313,1.927,185170,0.405,10-03-2021,1,,,SII - Covishield,,,No,Abdala,No,No,No,No,No,No,No,No,Covishield,No,No,No
Ukraine,UKR,EURO,REPORTING,25-07-2021,4812501,3165584,11,7.238,1646917,3.767,24-02-2021,6,,,"AstraZeneca - Vaxzevria,Janssen - Ad26.COV 2.5,Moderna - mRNA-1273,Pfizer BioNTech - Comirnaty,SII - Covishield,Sinovac - CoronaVac",,,No,Abdala,AstraZeneca ,No,No,No,Janssen - ,Moderna,No,Pfizer ,Covishield,Sinovac,No,No
United Arab Emirates,ARE,EMRO,REPORTING,29-07-2021,16645208,,168.297,,,,14-12-2020,5,,,"AstraZeneca - Vaxzevria,Beijing CNBG - BBIBP-CorV,Gamaleya - Sputnik V,Pfizer BioNTech - Comirnaty,SII - Covishield",,,No,Abdala,AstraZeneca ,Beijing CNBG - BBIBP-CorV,No,Sputnik V,No,No,No,Pfizer ,Covishield,No,No,No
United States of America,USA,AMRO,REPORTING,23-07-2021,341429696,191811219,103.15,57.949,162771892,49.175,14-12-2020,3,,,"Janssen - Ad26.COV 2.5,Moderna - mRNA-1273,Pfizer BioNTech - Comirnaty",,,No,Abdala,No,No,No,No,Janssen - ,Moderna,No,Pfizer ,No,No,No,No
Uruguay,URY,AMRO,REPORTING,23-07-2021,4623276,2510872,133.093,72.282,2112404,60.811,27-02-2021,3,,,"AstraZeneca - Vaxzevria,Pfizer BioNTech - Comirnaty,Sinovac - CoronaVac",,,No,Abdala,AstraZeneca ,No,No,No,No,No,No,Pfizer ,No,Sinovac,No,No
Uzbekistan,UZB,EURO,REPORTING,25-07-2021,6007782,3721551,18,12.666,1768485,5.284,28-04-2021,3,,,"Anhui ZL - Recombinant,Gamaleya - Sputnik V,SII - Covishield",,,No,Abdala,No,No,No,Sputnik V,No,No,No,No,Covishield,No,No,No
Vanuatu,VUT,WPRO,REPORTING,23-07-2021,26583,26479,8.655,8.621,115,0.037,02-06-2021,2,,,"AstraZeneca - Vaxzevria,Beijing CNBG - BBIBP-CorV",,,No,Abdala,AstraZeneca ,Beijing CNBG - BBIBP-CorV,No,No,No,No,No,No,No,No,No,No
Venezuela (Bolivarian Republic of),VEN,AMRO,REPORTING,23-07-2021,1446988,1223130,5.089,4.301,223858,0.787,22-02-2021,3,,,"Beijing CNBG - BBIBP-CorV,Gamaleya - Sputnik V,Wuhan CNBG - Inactivated",,,No,Abdala,No,Beijing CNBG - BBIBP-CorV,No,Sputnik V,No,No,No,No,No,No,No,Wuhan CNBG
Viet Nam,VNM,WPRO,REPORTING,23-07-2021,4411659,4077099,4.532,4.189,334560,0.344,08-03-2021,5,,,"AstraZeneca - Vaxzevria,Beijing CNBG - BBIBP-CorV,Gamaleya - Sputnik V,Moderna - mRNA-1273,Pfizer BioNTech - Comirnaty",,,No,Abdala,AstraZeneca ,Beijing CNBG - BBIBP-CorV,No,Sputnik V,No,Moderna,No,Pfizer ,No,No,No,No
Wallis and Futuna,WLF,WPRO,REPORTING,22-07-2021,9276,4674,82.483,41.561,4602,40.921,19-03-2021,1,,,Moderna - mRNA-1273,,,No,Abdala,No,No,No,No,No,Moderna,No,No,No,No,No,No
Yemen,YEM,EMRO,REPORTING,27-07-2021,311483,298161,1.044,1,13322,0.045,20-04-2021,1,,,SII - Covishield,,,No,Abdala,No,No,No,No,No,No,No,No,Covishield,No,No,No
Zambia,ZMB,AFRO,REPORTING,26-07-2021,312469,233129,1.7,1.268,66115,0.36,14-04-2021,1,,,SII - Covishield,,,No,Abdala,No,No,No,No,No,No,No,No,Covishield,No,No,No
Zimbabwe,ZWE,AFRO,REPORTING,26-07-2021,2127402,1447342,14.313,9.738,680060,4.576,18-02-2021,3,,,"Beijing CNBG - BBIBP-CorV,Bharat - Covaxin,Sinovac - CoronaVac",,,No,Abdala,No,Beijing CNBG - BBIBP-CorV,No,No,No,No,No,No,No,Sinovac,No,No
